Age,Attrition,BusinessTravel,DailyRate,Department,DistanceFromHome,Education,EducationField,EmployeeCount,EmployeeNumber,EnvironmentSatisfaction,Gender,HourlyRate,JobInvolvement,JobLevel,JobRole,JobSatisfaction,MaritalStatus,MonthlyIncome,MonthlyRate,NumCompaniesWorked,Over18,OverTime,PercentSalaryHike,PerformanceRating,RelationshipSatisfaction,StandardHours,StockOptionLevel,TotalWorkingYears,TrainingTimesLastYear,WorkLifeBalance,YearsAtCompany,YearsInCurrentRole,YearsSinceLastPromotion,YearsWithCurrManager,SalaryBand,TenureBand,AgeBand
44,Yes,Travel_Rarely,1395,Human Resources,18,1,Life Sciences,1,1,1,Male,89,2,2,Manager,1,Single,5575,11991,2,Y,No,14,3,2,80,2,17,6,1,8,6,4,2,₹4K–₹7K,6–10 years,36–45
32,No,Non-Travel,1436,Research & Development,5,3,Life Sciences,1,2,3,Female,77,4,2,Laboratory Technician,3,Divorced,6564,22171,3,Y,Yes,22,3,4,80,0,5,3,2,2,2,0,0,₹4K–₹7K,2–3 years,26–35
38,No,Travel_Rarely,461,Research & Development,9,2,Life Sciences,1,3,2,Female,96,4,1,Research Scientist,3,Married,3850,22308,1,Y,No,24,3,1,80,3,11,2,2,6,4,0,4,<₹4K,6–10 years,36–45
32,No,Non-Travel,1157,Research & Development,21,4,Life Sciences,1,4,2,Female,68,1,3,Manufacturing Director,1,Married,9300,3004,6,Y,No,12,3,1,80,3,9,3,1,5,4,4,4,₹7K–₹12K,4–5 years,26–35
38,Yes,Travel_Rarely,856,Sales,12,1,Technical Degree,1,5,1,Male,46,4,5,Sales Executive,2,Married,9154,10921,4,Y,No,22,3,1,80,0,2,5,2,2,2,0,0,₹7K–₹12K,2–3 years,36–45
44,No,Travel_Rarely,1024,Research & Development,1,3,Life Sciences,1,6,2,Male,98,2,3,Laboratory Technician,2,Married,5857,7245,6,Y,No,12,4,2,80,3,23,5,1,14,9,4,8,₹4K–₹7K,10+ years,36–45
40,Yes,Travel_Frequently,963,Research & Development,9,1,Medical,1,7,4,Male,53,2,3,Research Scientist,2,Married,8048,20921,2,Y,No,22,4,1,80,2,9,5,4,7,5,5,1,₹7K–₹12K,6–10 years,36–45
36,No,Travel_Rarely,1184,Research & Development,16,1,Life Sciences,1,8,4,Male,62,3,3,Healthcare Representative,4,Divorced,7096,6537,3,Y,No,21,3,1,80,0,7,6,1,1,0,0,0,₹7K–₹12K,<2 years,36–45
18,No,Travel_Rarely,1189,Research & Development,5,1,Technical Degree,1,9,3,Female,38,4,5,Research Director,1,Single,10798,3350,1,Y,No,11,3,2,80,2,0,3,2,0,0,0,0,₹7K–₹12K,<2 years,18–25
41,No,Travel_Rarely,986,Research & Development,9,1,Life Sciences,1,10,3,Female,30,2,3,Research Scientist,1,Married,7059,3038,1,Y,No,21,3,1,80,0,16,4,4,11,9,4,8,₹7K–₹12K,10+ years,36–45
40,No,Travel_Frequently,432,Research & Development,14,1,Medical,1,11,1,Male,85,2,2,Research Scientist,3,Married,6111,7453,3,Y,No,17,3,2,80,1,14,0,1,7,3,1,1,₹4K–₹7K,6–10 years,36–45
41,No,Travel_Rarely,958,Research & Development,14,2,Life Sciences,1,12,2,Female,37,1,3,Manufacturing Director,2,Divorced,8050,18955,0,Y,No,18,3,4,80,2,19,1,2,19,8,10,5,₹7K–₹12K,10+ years,36–45
40,No,Non-Travel,631,Research & Development,15,5,Life Sciences,1,13,2,Male,43,1,2,Laboratory Technician,1,Married,6780,19612,1,Y,No,15,3,1,80,2,9,6,3,9,6,2,4,₹4K–₹7K,6–10 years,36–45
20,Yes,Travel_Rarely,658,Research & Development,7,5,Life Sciences,1,14,2,Male,50,3,3,Manager,1,Single,6976,3219,4,Y,No,20,3,3,80,0,0,3,3,0,0,0,0,₹4K–₹7K,<2 years,18–25
41,No,Travel_Rarely,987,Sales,13,3,Medical,1,15,2,Female,61,3,5,Manager,4,Single,12163,12423,6,Y,No,25,4,1,80,1,12,4,4,7,2,0,2,₹12K+,6–10 years,36–45
32,No,Travel_Rarely,120,Research & Development,14,4,Life Sciences,1,16,1,Male,32,1,3,Laboratory Technician,3,Single,6477,2890,2,Y,No,13,4,2,80,1,11,0,2,11,4,4,1,₹4K–₹7K,10+ years,26–35
51,No,Travel_Frequently,332,Research & Development,9,3,Life Sciences,1,17,1,Female,69,2,2,Research Scientist,2,Married,7316,6221,4,Y,No,17,3,3,80,2,12,5,4,5,2,2,2,₹7K–₹12K,4–5 years,46–60
37,Yes,Travel_Frequently,982,Research & Development,11,3,Medical,1,18,2,Male,92,4,3,Research Director,3,Married,8531,10569,1,Y,No,23,3,2,80,3,9,5,2,0,0,0,0,₹7K–₹12K,<2 years,36–45
20,No,Travel_Rarely,879,Research & Development,29,5,Life Sciences,1,19,2,Female,49,3,4,Manufacturing Director,1,Single,8650,12301,2,Y,No,20,3,1,80,2,0,6,2,0,0,0,0,₹7K–₹12K,<2 years,18–25
44,No,Travel_Rarely,1439,Sales,13,3,Life Sciences,1,20,2,Female,61,2,4,Sales Representative,4,Single,9048,13806,1,Y,No,21,3,1,80,2,14,5,3,9,1,2,0,₹7K–₹12K,6–10 years,36–45
42,No,Travel_Rarely,339,Research & Development,13,3,Life Sciences,1,21,4,Female,85,3,2,Healthcare Representative,2,Married,6349,18115,3,Y,No,21,3,1,80,0,18,6,4,10,2,2,2,₹4K–₹7K,6–10 years,36–45
35,No,Travel_Rarely,1272,Human Resources,11,3,Medical,1,22,2,Male,43,3,4,Manager,4,Married,9718,4887,4,Y,No,25,3,4,80,2,5,2,1,0,0,0,0,₹7K–₹12K,<2 years,26–35
34,No,Travel_Rarely,1423,Research & Development,7,4,Medical,1,23,3,Male,60,3,1,Laboratory Technician,2,Married,5222,25647,0,Y,No,19,3,4,80,3,15,2,4,10,7,0,4,₹4K–₹7K,6–10 years,26–35
38,No,Travel_Frequently,1398,Research & Development,14,4,Life Sciences,1,24,2,Female,95,2,4,Manufacturing Director,1,Divorced,9841,25467,3,Y,No,24,3,4,80,3,16,6,2,16,12,6,7,₹7K–₹12K,10+ years,36–45
31,No,Travel_Rarely,1019,Research & Development,17,5,Life Sciences,1,25,3,Male,44,1,2,Healthcare Representative,2,Single,5887,16595,3,Y,No,14,3,4,80,0,17,5,1,9,0,3,0,₹4K–₹7K,6–10 years,26–35
39,No,Non-Travel,830,Research & Development,2,2,Marketing,1,26,1,Male,41,4,3,Manufacturing Director,2,Married,8791,16709,2,Y,Yes,21,4,1,80,2,24,2,2,17,14,5,10,₹7K–₹12K,10+ years,36–45
37,No,Travel_Rarely,1032,Research & Development,5,4,Medical,1,27,3,Male,97,4,2,Manufacturing Director,4,Single,5574,9284,2,Y,No,11,4,1,80,1,12,4,2,2,2,0,0,₹4K–₹7K,2–3 years,36–45
26,No,Non-Travel,147,Human Resources,7,5,Life Sciences,1,28,1,Female,62,3,3,Human Resources,2,Single,6178,17593,0,Y,No,15,3,4,80,2,0,3,4,0,0,0,0,₹4K–₹7K,<2 years,26–35
43,No,Travel_Rarely,398,Research & Development,14,2,Life Sciences,1,29,2,Male,62,4,2,Healthcare Representative,1,Married,7334,25381,3,Y,No,13,3,3,80,3,15,1,4,10,5,2,1,₹7K–₹12K,6–10 years,36–45
36,No,Travel_Rarely,1049,Research & Development,6,4,Life Sciences,1,30,1,Female,69,2,4,Manufacturing Director,2,Divorced,9321,17865,2,Y,No,14,3,4,80,1,3,0,2,0,0,0,0,₹7K–₹12K,<2 years,36–45
27,No,Travel_Rarely,1068,Research & Development,10,4,Life Sciences,1,31,4,Female,81,4,5,Research Scientist,1,Single,11680,3145,3,Y,No,12,3,3,80,2,8,3,4,8,4,4,1,₹7K–₹12K,6–10 years,26–35
43,No,Travel_Frequently,667,Sales,15,5,Technical Degree,1,32,2,Female,55,3,3,Manager,2,Divorced,10147,14108,4,Y,No,19,4,3,80,0,13,4,1,13,3,1,2,₹7K–₹12K,10+ years,36–45
20,No,Travel_Rarely,1212,Research & Development,5,4,Medical,1,33,3,Female,91,3,3,Healthcare Representative,2,Married,7081,25841,2,Y,No,23,4,4,80,0,6,0,1,3,2,1,0,₹7K–₹12K,2–3 years,18–25
47,No,Travel_Rarely,1398,Sales,11,4,Medical,1,34,3,Male,96,4,4,Sales Representative,4,Married,11791,18156,2,Y,No,21,3,2,80,2,21,3,1,7,5,3,1,₹7K–₹12K,6–10 years,46–60
35,No,Travel_Rarely,253,Research & Development,7,3,Medical,1,35,2,Male,61,1,2,Laboratory Technician,1,Married,5561,18166,1,Y,No,23,3,1,80,2,9,1,1,5,2,3,0,₹4K–₹7K,4–5 years,26–35
53,No,Travel_Rarely,1490,Research & Development,9,1,Life Sciences,1,36,3,Male,84,3,3,Research Director,4,Married,10638,17393,4,Y,No,12,3,4,80,1,20,2,3,14,9,4,3,₹7K–₹12K,10+ years,46–60
60,Yes,Travel_Rarely,995,Research & Development,15,3,Medical,1,37,3,Male,89,4,5,Manufacturing Director,2,Single,12201,16477,1,Y,Yes,22,3,3,80,0,25,6,2,17,11,7,7,₹12K+,10+ years,46–60
34,No,Travel_Rarely,887,Research & Development,12,3,Medical,1,38,3,Male,62,1,3,Research Scientist,2,Married,7536,26877,3,Y,No,19,3,1,80,3,11,1,4,10,4,0,4,₹7K–₹12K,6–10 years,26–35
39,No,Travel_Rarely,1414,Research & Development,7,2,Life Sciences,1,39,3,Male,73,1,5,Research Director,2,Divorced,13391,14253,0,Y,No,20,3,1,80,0,8,0,1,6,2,0,2,₹12K+,6–10 years,36–45
40,No,Non-Travel,393,Research & Development,13,5,Medical,1,40,3,Male,85,3,5,Manufacturing Director,1,Divorced,11207,19132,1,Y,No,19,3,1,80,1,9,0,3,6,1,3,1,₹7K–₹12K,6–10 years,36–45
47,No,Travel_Rarely,1092,Human Resources,8,4,Marketing,1,41,1,Male,77,1,4,Manager,4,Divorced,9619,11555,3,Y,No,22,3,1,80,3,13,2,1,8,3,4,1,₹7K–₹12K,6–10 years,46–60
28,No,Travel_Frequently,1361,Sales,18,1,Medical,1,42,4,Male,56,4,4,Manager,3,Married,9942,2451,4,Y,No,25,3,4,80,1,6,1,4,4,4,2,3,₹7K–₹12K,4–5 years,26–35
40,No,Travel_Rarely,1129,Sales,16,1,Other,1,43,1,Female,97,4,3,Manager,2,Married,9649,9233,1,Y,No,20,3,3,80,3,12,0,2,7,6,0,4,₹7K–₹12K,6–10 years,36–45
18,Yes,Travel_Rarely,1402,Sales,4,2,Technical Degree,1,44,1,Male,92,2,4,Sales Representative,2,Married,8300,2299,2,Y,Yes,19,3,1,80,2,0,1,3,0,0,0,0,₹7K–₹12K,<2 years,18–25
38,No,Travel_Rarely,219,Research & Development,3,5,Technical Degree,1,45,4,Male,90,3,2,Healthcare Representative,3,Single,6050,21066,2,Y,No,18,3,1,80,2,11,3,1,2,2,0,0,₹4K–₹7K,2–3 years,36–45
34,No,Travel_Rarely,1120,Sales,9,2,Life Sciences,1,46,3,Male,70,3,4,Manager,4,Single,10139,15688,2,Y,Yes,14,4,2,80,0,5,4,2,0,0,0,0,₹7K–₹12K,<2 years,26–35
49,No,Travel_Rarely,1294,Research & Development,12,3,Medical,1,47,3,Male,53,3,1,Laboratory Technician,3,Single,4282,5083,1,Y,No,20,3,1,80,0,14,6,2,7,7,0,2,₹4K–₹7K,6–10 years,46–60
51,Yes,Travel_Rarely,911,Sales,7,5,Medical,1,48,1,Male,41,1,2,Sales Executive,1,Married,9137,22269,2,Y,No,20,3,2,80,3,16,4,3,4,0,0,0,₹7K–₹12K,4–5 years,46–60
46,No,Travel_Rarely,856,Sales,11,4,Medical,1,49,4,Male,56,3,5,Sales Representative,4,Single,12642,6254,4,Y,No,11,4,2,80,0,18,3,4,14,9,2,7,₹12K+,10+ years,46–60
31,No,Non-Travel,1420,Research & Development,9,3,Medical,1,50,2,Female,97,1,2,Manufacturing Director,2,Married,3619,14782,5,Y,No,13,4,2,80,3,11,2,4,11,7,3,1,<₹4K,10+ years,26–35
40,No,Travel_Rarely,1350,Sales,3,5,Life Sciences,1,51,4,Male,52,4,5,Manager,3,Married,12645,12328,1,Y,No,24,4,2,80,0,11,2,4,8,3,2,3,₹12K+,6–10 years,36–45
55,No,Travel_Rarely,610,Sales,8,2,Technical Degree,1,52,1,Female,30,2,2,Sales Representative,4,Married,7305,9598,1,Y,No,17,3,1,80,0,24,2,4,16,10,1,6,₹7K–₹12K,10+ years,46–60
41,Yes,Travel_Frequently,871,Research & Development,7,2,Marketing,1,53,4,Male,72,2,4,Manufacturing Director,1,Divorced,10874,5111,3,Y,No,11,3,4,80,1,12,2,3,9,4,5,3,₹7K–₹12K,6–10 years,36–45
32,No,Travel_Rarely,829,Sales,5,3,Marketing,1,54,4,Male,59,4,3,Sales Executive,4,Married,8369,26436,0,Y,No,23,3,4,80,0,10,6,3,5,4,2,1,₹7K–₹12K,4–5 years,26–35
35,No,Travel_Rarely,1359,Research & Development,14,4,Marketing,1,55,1,Male,33,1,5,Research Director,3,Married,11784,26413,4,Y,Yes,13,4,4,80,2,12,5,1,8,1,6,0,₹7K–₹12K,6–10 years,26–35
53,No,Non-Travel,830,Research & Development,3,1,Human Resources,1,56,3,Male,65,2,3,Laboratory Technician,4,Single,8626,21580,1,Y,No,15,3,1,80,2,18,5,1,9,1,2,1,₹7K–₹12K,6–10 years,46–60
32,Yes,Travel_Frequently,364,Research & Development,13,5,Medical,1,57,4,Male,56,1,2,Laboratory Technician,1,Divorced,5875,25779,3,Y,No,16,4,1,80,1,11,3,1,5,3,0,3,₹4K–₹7K,4–5 years,26–35
31,No,Travel_Rarely,281,Research & Development,13,4,Technical Degree,1,58,4,Male,31,1,2,Healthcare Representative,3,Married,6534,25804,3,Y,No,12,3,2,80,0,5,5,3,0,0,0,0,₹4K–₹7K,<2 years,26–35
18,No,Travel_Rarely,1231,Research & Development,12,1,Technical Degree,1,59,1,Male,83,1,3,Laboratory Technician,3,Single,6767,18193,1,Y,No,19,3,2,80,3,0,2,4,0,0,0,0,₹4K–₹7K,<2 years,18–25
37,No,Travel_Frequently,739,Human Resources,18,2,Medical,1,60,4,Male,91,3,4,Human Resources,3,Divorced,10911,22339,3,Y,No,16,3,1,80,1,9,5,2,4,1,1,0,₹7K–₹12K,4–5 years,36–45
44,No,Travel_Rarely,827,Sales,4,5,Marketing,1,61,4,Female,56,1,4,Sales Representative,3,Married,11867,23674,2,Y,No,14,3,1,80,2,19,3,1,13,7,3,4,₹7K–₹12K,10+ years,36–45
44,No,Non-Travel,1103,Sales,29,5,Marketing,1,62,2,Male,80,1,4,Manager,1,Single,8545,5939,0,Y,No,12,3,2,80,2,16,6,4,8,5,0,2,₹7K–₹12K,6–10 years,36–45
42,No,Travel_Rarely,1052,Research & Development,21,5,Life Sciences,1,63,1,Female,58,1,1,Laboratory Technician,3,Single,4752,7599,3,Y,Yes,23,3,4,80,0,17,0,2,17,12,4,6,₹4K–₹7K,10+ years,36–45
34,Yes,Travel_Frequently,433,Research & Development,5,1,Life Sciences,1,64,2,Female,31,1,2,Healthcare Representative,2,Married,5796,19385,3,Y,No,18,3,1,80,2,7,0,1,2,0,2,0,₹4K–₹7K,2–3 years,26–35
31,No,Travel_Rarely,270,Research & Development,8,4,Life Sciences,1,65,1,Male,59,4,4,Research Director,1,Married,8698,14556,5,Y,No,15,3,4,80,1,10,4,2,2,0,0,0,₹7K–₹12K,2–3 years,26–35
36,No,Travel_Rarely,699,Research & Development,16,3,Marketing,1,66,2,Male,59,1,4,Research Director,2,Single,8680,10610,2,Y,Yes,11,3,4,80,1,14,3,1,7,2,3,0,₹7K–₹12K,6–10 years,36–45
37,No,Travel_Frequently,783,Research & Development,10,4,Marketing,1,67,1,Female,49,3,3,Manager,1,Single,7759,9448,3,Y,No,16,3,1,80,2,8,5,4,1,0,0,0,₹7K–₹12K,<2 years,36–45
50,No,Travel_Rarely,1391,Research & Development,17,4,Life Sciences,1,68,4,Female,67,1,4,Research Scientist,2,Married,9482,9823,5,Y,No,20,3,3,80,2,12,1,1,6,3,2,2,₹7K–₹12K,6–10 years,46–60
22,Yes,Travel_Rarely,729,Sales,7,1,Life Sciences,1,69,1,Female,45,3,4,Sales Representative,4,Married,10294,13037,2,Y,No,25,3,4,80,0,7,5,2,7,1,0,1,₹7K–₹12K,6–10 years,18–25
46,No,Travel_Frequently,216,Research & Development,22,3,Medical,1,70,1,Male,78,2,4,Manager,1,Married,10957,16359,1,Y,Yes,22,3,1,80,2,17,5,2,6,3,6,2,₹7K–₹12K,6–10 years,46–60
34,No,Travel_Rarely,1212,Research & Development,2,3,Life Sciences,1,71,4,Male,56,1,4,Manufacturing Director,3,Divorced,8543,13465,3,Y,Yes,22,4,1,80,0,9,2,3,0,0,0,0,₹7K–₹12K,<2 years,26–35
20,Yes,Travel_Rarely,1467,Research & Development,4,5,Life Sciences,1,72,3,Female,66,2,3,Laboratory Technician,4,Married,7683,6585,4,Y,No,14,4,1,80,2,7,0,4,2,0,0,0,₹7K–₹12K,2–3 years,18–25
40,No,Travel_Rarely,905,Research & Development,22,2,Medical,1,73,4,Male,90,2,3,Research Director,2,Divorced,10733,26253,0,Y,Yes,16,3,4,80,1,12,2,2,8,4,4,1,₹7K–₹12K,6–10 years,36–45
33,Yes,Travel_Rarely,1128,Sales,18,4,Medical,1,74,3,Male,72,1,3,Manager,1,Married,7059,2923,6,Y,Yes,24,3,2,80,2,11,6,1,4,2,2,1,₹7K–₹12K,4–5 years,26–35
28,No,Travel_Frequently,1238,Sales,4,2,Marketing,1,75,3,Male,83,4,2,Sales Representative,3,Married,4144,25250,1,Y,No,20,3,2,80,3,2,4,3,0,0,0,0,₹4K–₹7K,<2 years,26–35
29,No,Travel_Rarely,634,Sales,10,1,Life Sciences,1,76,4,Male,54,2,3,Manager,4,Married,7549,18974,0,Y,No,22,3,4,80,3,1,5,2,1,1,1,1,₹7K–₹12K,<2 years,26–35
38,No,Travel_Rarely,683,Research & Development,28,5,Medical,1,77,4,Female,47,3,4,Manager,1,Married,11491,20258,5,Y,No,20,3,4,80,1,7,4,4,2,1,1,1,₹7K–₹12K,2–3 years,36–45
54,No,Travel_Rarely,1283,Human Resources,8,3,Life Sciences,1,78,4,Female,67,3,4,Human Resources,1,Divorced,10488,10388,1,Y,No,20,3,1,80,2,21,6,1,9,0,4,0,₹7K–₹12K,6–10 years,46–60
49,No,Non-Travel,227,Research & Development,16,2,Medical,1,79,4,Female,63,1,2,Healthcare Representative,3,Divorced,8020,26535,4,Y,No,17,3,1,80,1,22,3,3,11,8,5,5,₹7K–₹12K,10+ years,46–60
31,No,Travel_Frequently,306,Research & Development,5,1,Life Sciences,1,80,2,Male,59,4,1,Research Scientist,2,Married,3220,22062,2,Y,Yes,14,3,4,80,1,5,1,3,3,3,3,3,<₹4K,2–3 years,26–35
42,No,Travel_Rarely,249,Sales,20,4,Life Sciences,1,81,2,Male,94,3,3,Sales Executive,2,Married,8429,16708,3,Y,No,19,3,2,80,3,10,4,4,10,4,6,0,₹7K–₹12K,6–10 years,36–45
28,No,Travel_Rarely,699,Research & Development,6,4,Medical,1,82,4,Male,32,2,3,Research Scientist,3,Single,7718,22655,7,Y,No,15,3,4,80,3,6,0,2,6,2,3,1,₹7K–₹12K,6–10 years,26–35
41,No,Travel_Rarely,1054,Sales,24,2,Medical,1,83,2,Male,34,3,3,Sales Representative,1,Divorced,8541,24740,5,Y,No,13,3,3,80,3,12,6,3,5,3,4,1,₹7K–₹12K,4–5 years,36–45
48,No,Travel_Rarely,329,Research & Development,12,2,Technical Degree,1,84,1,Male,60,1,3,Manufacturing Director,3,Married,9899,21815,2,Y,Yes,21,4,4,80,0,18,1,4,5,3,3,3,₹7K–₹12K,4–5 years,46–60
43,No,Travel_Rarely,1415,Research & Development,15,4,Life Sciences,1,85,1,Female,52,2,4,Manager,3,Married,9029,12613,2,Y,Yes,18,3,3,80,3,14,5,3,12,7,4,4,₹7K–₹12K,10+ years,36–45
47,No,Travel_Rarely,1373,Research & Development,6,5,Life Sciences,1,86,4,Male,94,4,1,Laboratory Technician,1,Single,5219,8820,1,Y,No,19,3,1,80,3,12,2,4,7,3,3,1,₹4K–₹7K,6–10 years,46–60
18,No,Non-Travel,1118,Research & Development,9,3,Medical,1,87,2,Male,80,3,4,Manufacturing Director,1,Married,9245,5019,1,Y,No,13,3,2,80,3,0,4,1,0,0,0,0,₹7K–₹12K,<2 years,18–25
35,No,Travel_Rarely,1423,Sales,12,4,Life Sciences,1,88,1,Male,81,3,4,Manager,3,Married,11238,6652,0,Y,No,22,3,3,80,0,13,5,1,12,6,0,5,₹7K–₹12K,10+ years,26–35
27,No,Travel_Rarely,1283,Human Resources,24,1,Life Sciences,1,89,3,Male,31,2,5,Manager,2,Divorced,10476,13013,2,Y,No,25,4,3,80,0,6,2,4,1,1,1,1,₹7K–₹12K,<2 years,26–35
45,No,Non-Travel,493,Sales,2,3,Life Sciences,1,90,2,Female,77,2,2,Sales Representative,4,Married,5356,24780,1,Y,No,20,4,3,80,3,13,4,1,7,5,5,2,₹4K–₹7K,6–10 years,36–45
39,No,Non-Travel,397,Human Resources,8,1,Technical Degree,1,91,4,Female,99,4,2,Human Resources,3,Single,5680,18983,0,Y,No,15,3,1,80,0,4,1,2,1,0,0,0,₹4K–₹7K,<2 years,36–45
33,No,Travel_Rarely,390,Sales,22,2,Life Sciences,1,92,4,Male,32,2,3,Manager,4,Divorced,9175,22239,5,Y,No,20,3,1,80,3,13,0,3,6,1,1,1,₹7K–₹12K,6–10 years,26–35
37,No,Travel_Rarely,693,Research & Development,3,2,Life Sciences,1,93,3,Male,61,1,5,Research Director,3,Single,12574,18962,1,Y,No,16,3,2,80,2,2,1,1,2,2,0,2,₹12K+,2–3 years,36–45
46,Yes,Travel_Rarely,420,Research & Development,18,5,Marketing,1,94,2,Male,64,3,1,Healthcare Representative,2,Married,5111,25780,4,Y,No,25,3,3,80,3,15,4,2,11,5,2,2,₹4K–₹7K,10+ years,46–60
36,No,Travel_Frequently,1334,Research & Development,29,1,Technical Degree,1,95,4,Male,63,1,5,Manufacturing Director,4,Married,13142,17756,1,Y,No,12,3,4,80,0,20,1,2,19,9,6,7,₹12K+,10+ years,36–45
47,No,Travel_Frequently,1405,Research & Development,6,3,Life Sciences,1,96,3,Male,71,2,4,Manager,4,Married,9985,18468,1,Y,Yes,23,3,3,80,3,15,1,4,13,5,8,0,₹7K–₹12K,10+ years,46–60
24,No,Travel_Rarely,262,Research & Development,4,4,Life Sciences,1,97,1,Female,59,1,5,Manufacturing Director,4,Married,11606,11675,4,Y,Yes,25,3,1,80,3,0,1,2,0,0,0,0,₹7K–₹12K,<2 years,18–25
44,No,Travel_Frequently,1216,Research & Development,11,2,Life Sciences,1,98,1,Female,86,1,5,Research Director,2,Single,11997,2420,0,Y,No,18,3,4,80,1,14,5,3,6,6,5,4,₹7K–₹12K,6–10 years,36–45
34,No,Travel_Frequently,1273,Research & Development,13,4,Medical,1,99,4,Male,31,1,5,Research Director,3,Divorced,11579,23247,1,Y,No,21,3,2,80,1,13,1,3,13,4,2,4,₹7K–₹12K,10+ years,26–35
45,No,Travel_Rarely,642,Sales,10,5,Medical,1,100,1,Female,59,1,3,Manager,1,Divorced,8274,24073,2,Y,No,25,3,2,80,2,18,5,3,9,1,2,0,₹7K–₹12K,6–10 years,36–45
33,Yes,Non-Travel,1418,Research & Development,21,1,Life Sciences,1,101,1,Male,73,1,1,Healthcare Representative,4,Single,3070,18671,0,Y,Yes,12,3,4,80,3,6,4,1,2,2,0,2,<₹4K,2–3 years,26–35
38,Yes,Travel_Rarely,254,Research & Development,25,2,Life Sciences,1,102,4,Male,88,3,1,Manufacturing Director,3,Single,5165,25544,0,Y,No,25,3,3,80,2,13,6,4,13,3,4,3,₹4K–₹7K,10+ years,36–45
38,No,Travel_Rarely,1412,Sales,7,5,Life Sciences,1,103,1,Male,32,4,3,Manager,2,Divorced,7770,22276,3,Y,No,14,4,1,80,3,3,5,1,0,0,0,0,₹7K–₹12K,<2 years,36–45
30,No,Travel_Rarely,526,Research & Development,16,1,Life Sciences,1,104,3,Male,46,4,5,Research Scientist,2,Married,11706,25338,2,Y,No,20,3,1,80,3,0,2,3,0,0,0,0,₹7K–₹12K,<2 years,26–35
47,Yes,Travel_Frequently,979,Research & Development,10,4,Life Sciences,1,105,4,Male,55,3,3,Manager,3,Married,9328,3246,4,Y,No,25,3,3,80,2,18,4,4,10,5,4,3,₹7K–₹12K,6–10 years,46–60
35,No,Travel_Rarely,641,Research & Development,2,1,Life Sciences,1,106,1,Male,85,1,3,Manager,2,Divorced,8184,20808,1,Y,No,20,4,2,80,2,12,3,2,6,4,2,3,₹7K–₹12K,6–10 years,26–35
31,No,Travel_Rarely,1202,Sales,8,4,Life Sciences,1,107,2,Male,94,1,2,Sales Representative,2,Divorced,6271,7051,4,Y,No,22,4,3,80,2,4,3,2,0,0,0,0,₹4K–₹7K,<2 years,26–35
25,No,Non-Travel,1329,Sales,27,4,Medical,1,108,3,Female,73,2,5,Manager,2,Married,10679,26914,1,Y,No,15,3,1,80,2,1,0,2,0,0,0,0,₹7K–₹12K,<2 years,18–25
34,Yes,Travel_Rarely,1125,Sales,2,2,Medical,1,109,2,Male,66,3,5,Manager,3,Single,12010,2893,3,Y,No,13,4,4,80,2,9,3,4,9,1,3,1,₹12K+,6–10 years,26–35
41,No,Non-Travel,217,Research & Development,8,1,Life Sciences,1,110,4,Male,81,1,3,Research Director,2,Married,9643,24552,4,Y,No,11,3,4,80,2,10,4,3,9,4,2,2,₹7K–₹12K,6–10 years,36–45
36,Yes,Travel_Rarely,295,Sales,12,2,Medical,1,111,2,Male,93,4,1,Sales Executive,2,Married,5365,4686,4,Y,No,23,3,4,80,1,10,1,2,10,8,3,5,₹4K–₹7K,6–10 years,36–45
25,No,Non-Travel,930,Research & Development,20,1,Medical,1,112,4,Male,69,3,3,Manager,3,Married,6523,22961,0,Y,No,12,3,1,80,3,6,1,1,1,1,0,1,₹4K–₹7K,<2 years,18–25
27,No,Travel_Rarely,1407,Research & Development,14,5,Life Sciences,1,113,1,Male,33,3,2,Research Scientist,3,Married,6572,18230,3,Y,No,23,3,3,80,0,8,2,1,6,4,3,4,₹4K–₹7K,6–10 years,26–35
27,Yes,Travel_Rarely,109,Human Resources,29,5,Technical Degree,1,114,1,Female,38,2,1,Human Resources,1,Single,4193,9489,1,Y,No,22,4,1,80,0,7,0,4,7,7,0,6,₹4K–₹7K,6–10 years,26–35
38,No,Travel_Frequently,1114,Research & Development,10,1,Medical,1,115,4,Female,40,4,1,Laboratory Technician,2,Married,4546,23766,2,Y,No,23,3,4,80,3,8,2,3,6,4,0,2,₹4K–₹7K,6–10 years,36–45
28,No,Non-Travel,592,Human Resources,9,2,Marketing,1,116,1,Male,82,1,3,Manager,2,Married,7409,20223,6,Y,No,15,3,3,80,0,10,0,1,10,1,0,1,₹7K–₹12K,6–10 years,26–35
23,No,Non-Travel,601,Research & Development,4,3,Marketing,1,117,2,Male,95,2,3,Laboratory Technician,2,Single,6730,9408,1,Y,Yes,13,3,4,80,1,7,2,3,0,0,0,0,₹4K–₹7K,<2 years,18–25
47,Yes,Travel_Frequently,128,Sales,16,3,Medical,1,118,4,Male,44,2,4,Sales Executive,1,Married,9435,22482,2,Y,No,21,4,2,80,0,20,2,2,9,5,2,3,₹7K–₹12K,6–10 years,46–60
51,No,Travel_Frequently,109,Research & Development,13,3,Technical Degree,1,119,1,Male,62,1,4,Manager,2,Single,10923,21868,3,Y,No,20,3,4,80,3,17,3,3,13,6,7,6,₹7K–₹12K,10+ years,46–60
37,No,Travel_Rarely,534,Research & Development,3,5,Medical,1,120,3,Female,94,4,1,Manufacturing Director,1,Divorced,3933,15938,5,Y,No,17,4,1,80,0,11,4,2,5,5,0,4,<₹4K,4–5 years,36–45
28,No,Travel_Rarely,719,Research & Development,16,4,Technical Degree,1,121,1,Female,93,3,3,Research Director,1,Married,7813,3477,3,Y,Yes,23,3,4,80,0,4,5,4,3,3,0,2,₹7K–₹12K,2–3 years,26–35
24,Yes,Travel_Rarely,1485,Sales,9,2,Life Sciences,1,122,1,Male,73,4,4,Sales Representative,3,Single,9451,16648,3,Y,Yes,18,3,3,80,0,0,1,2,0,0,0,0,₹7K–₹12K,<2 years,18–25
36,No,Non-Travel,121,Sales,5,5,Medical,1,123,4,Male,88,4,4,Sales Representative,3,Married,9558,18817,1,Y,No,14,3,1,80,2,10,4,2,9,4,2,4,₹7K–₹12K,6–10 years,36–45
60,No,Travel_Rarely,1307,Research & Development,4,3,Life Sciences,1,124,3,Male,85,3,3,Manufacturing Director,2,Single,9452,6003,3,Y,No,19,3,4,80,0,20,2,3,5,5,1,0,₹7K–₹12K,4–5 years,46–60
39,No,Travel_Rarely,231,Sales,19,4,Marketing,1,125,1,Female,56,2,5,Manager,1,Married,11957,19316,2,Y,Yes,19,3,2,80,3,15,3,2,11,6,3,6,₹7K–₹12K,10+ years,36–45
31,No,Travel_Frequently,1356,Sales,14,3,Life Sciences,1,126,4,Male,66,2,1,Sales Representative,3,Married,4179,19675,1,Y,No,18,3,4,80,0,6,1,2,6,2,4,2,₹4K–₹7K,6–10 years,26–35
42,No,Travel_Rarely,146,Research & Development,4,2,Life Sciences,1,127,1,Male,99,1,5,Manufacturing Director,4,Divorced,11534,25407,5,Y,No,19,3,2,80,3,20,0,2,18,7,1,5,₹7K–₹12K,10+ years,36–45
32,No,Travel_Frequently,955,Research & Development,10,2,Life Sciences,1,128,4,Female,96,3,3,Healthcare Representative,3,Divorced,8484,10636,1,Y,No,11,3,2,80,2,12,4,4,12,9,1,5,₹7K–₹12K,10+ years,26–35
19,No,Travel_Rarely,785,Research & Development,7,2,Life Sciences,1,129,4,Male,58,3,4,Healthcare Representative,3,Single,7791,20338,4,Y,No,17,3,2,80,0,0,4,1,0,0,0,0,₹7K–₹12K,<2 years,18–25
31,No,Travel_Rarely,1167,Research & Development,22,5,Medical,1,130,3,Female,56,3,3,Laboratory Technician,1,Married,6979,16205,1,Y,No,21,3,2,80,2,10,1,1,6,0,2,0,₹4K–₹7K,6–10 years,26–35
40,No,Travel_Rarely,521,Research & Development,3,5,Technical Degree,1,131,4,Male,45,1,5,Research Director,2,Married,12469,6559,5,Y,No,21,3,2,80,2,14,1,4,9,7,1,7,₹12K+,6–10 years,36–45
36,Yes,Travel_Frequently,337,Research & Development,12,1,Technical Degree,1,132,4,Female,80,1,1,Research Scientist,2,Divorced,5034,6391,2,Y,Yes,11,3,3,80,0,14,1,2,14,7,3,4,₹4K–₹7K,10+ years,36–45
30,No,Travel_Rarely,290,Research & Development,19,3,Technical Degree,1,133,3,Female,95,2,3,Laboratory Technician,3,Divorced,8562,16448,3,Y,No,13,4,4,80,1,8,6,1,6,0,0,0,₹7K–₹12K,6–10 years,26–35
45,No,Travel_Rarely,930,Research & Development,8,4,Medical,1,134,1,Male,75,1,2,Healthcare Representative,3,Divorced,7962,18575,1,Y,No,20,3,2,80,1,12,2,2,9,2,4,0,₹7K–₹12K,6–10 years,36–45
40,No,Travel_Rarely,1240,Sales,7,5,Medical,1,135,1,Female,40,2,2,Sales Representative,2,Divorced,7337,26063,3,Y,No,14,3,2,80,0,11,4,4,11,6,5,2,₹7K–₹12K,10+ years,36–45
35,No,Travel_Frequently,679,Research & Development,2,4,Technical Degree,1,136,3,Male,76,1,2,Research Scientist,1,Single,5693,6596,2,Y,No,13,3,1,80,0,14,4,3,7,4,2,3,₹4K–₹7K,6–10 years,26–35
47,No,Travel_Frequently,841,Research & Development,5,2,Life Sciences,1,137,1,Female,69,3,5,Healthcare Representative,1,Single,12324,24227,5,Y,No,19,3,4,80,1,17,4,1,5,4,0,0,₹12K+,4–5 years,46–60
33,No,Travel_Rarely,740,Sales,11,1,Life Sciences,1,138,4,Male,91,3,1,Sales Representative,4,Divorced,2981,23356,2,Y,No,11,3,1,80,3,9,3,4,8,2,2,2,<₹4K,6–10 years,26–35
53,No,Travel_Rarely,317,Sales,10,3,Medical,1,139,4,Female,98,1,3,Manager,1,Single,10010,17864,1,Y,No,21,3,2,80,2,22,2,1,22,11,7,6,₹7K–₹12K,10+ years,46–60
36,No,Travel_Frequently,666,Human Resources,17,3,Marketing,1,140,2,Female,54,1,3,Human Resources,1,Single,7563,7174,2,Y,Yes,21,3,2,80,1,16,3,3,9,4,4,1,₹7K–₹12K,6–10 years,36–45
39,No,Travel_Rarely,1144,Research & Development,12,1,Life Sciences,1,141,1,Male,55,3,4,Manager,1,Single,9511,15789,3,Y,No,12,3,4,80,2,10,0,2,0,0,0,0,₹7K–₹12K,<2 years,36–45
20,No,Travel_Rarely,1042,Sales,15,4,Life Sciences,1,142,2,Male,72,1,5,Manager,2,Divorced,10175,8232,0,Y,No,22,3,4,80,2,0,4,3,0,0,0,0,₹7K–₹12K,<2 years,18–25
33,No,Non-Travel,385,Research & Development,8,1,Medical,1,143,4,Female,78,1,2,Laboratory Technician,2,Divorced,6287,18723,0,Y,No,15,3,3,80,3,3,1,1,0,0,0,0,₹4K–₹7K,<2 years,26–35
33,No,Travel_Frequently,1431,Research & Development,3,2,Human Resources,1,144,3,Male,47,2,4,Research Director,2,Married,9009,5618,2,Y,No,23,3,1,80,2,9,4,4,4,4,1,4,₹7K–₹12K,4–5 years,26–35
47,No,Non-Travel,778,Research & Development,5,1,Life Sciences,1,145,4,Male,88,2,2,Research Scientist,4,Divorced,5133,24596,1,Y,No,22,3,3,80,3,15,5,1,14,5,4,2,₹4K–₹7K,10+ years,46–60
40,No,Travel_Rarely,660,Research & Development,5,3,Life Sciences,1,146,1,Female,33,4,3,Manufacturing Director,3,Single,7631,11339,5,Y,No,25,3,1,80,2,8,4,1,6,0,0,0,₹7K–₹12K,6–10 years,36–45
18,No,Travel_Frequently,374,Research & Development,1,5,Life Sciences,1,147,3,Female,53,4,5,Manufacturing Director,4,Married,10320,17716,1,Y,No,20,3,1,80,2,2,1,2,2,0,0,0,₹7K–₹12K,2–3 years,18–25
35,No,Travel_Rarely,583,Research & Development,15,1,Technical Degree,1,148,3,Female,50,1,4,Research Director,4,Married,11035,18348,3,Y,No,16,3,3,80,2,4,6,3,4,0,0,0,₹7K–₹12K,4–5 years,26–35
38,No,Travel_Rarely,673,Sales,18,1,Life Sciences,1,149,1,Female,67,3,3,Sales Representative,4,Married,7894,14707,3,Y,Yes,15,3,3,80,0,8,3,3,8,3,2,2,₹7K–₹12K,6–10 years,36–45
18,Yes,Travel_Rarely,1165,Sales,8,5,Life Sciences,1,150,1,Female,46,4,4,Sales Executive,4,Single,7866,18087,2,Y,Yes,13,3,2,80,0,0,1,3,0,0,0,0,₹7K–₹12K,<2 years,18–25
38,No,Travel_Frequently,331,Sales,8,3,Life Sciences,1,151,1,Male,96,3,4,Manager,2,Married,10860,11090,4,Y,No,20,3,2,80,0,10,5,3,10,5,3,5,₹7K–₹12K,6–10 years,36–45
28,No,Travel_Rarely,385,Research & Development,1,3,Life Sciences,1,152,3,Male,74,1,2,Laboratory Technician,2,Married,5446,15643,3,Y,No,12,3,2,80,2,7,4,4,4,0,1,0,₹4K–₹7K,4–5 years,26–35
38,Yes,Travel_Frequently,1013,Research & Development,18,2,Medical,1,153,2,Male,40,1,4,Laboratory Technician,2,Married,8558,17512,3,Y,No,22,3,2,80,3,15,3,1,13,4,4,4,₹7K–₹12K,10+ years,36–45
44,No,Travel_Rarely,1414,Research & Development,14,1,Life Sciences,1,154,1,Male,82,4,5,Research Director,3,Single,11496,21890,1,Y,No,12,3,1,80,0,16,5,1,8,2,2,1,₹7K–₹12K,6–10 years,36–45
45,Yes,Travel_Frequently,999,Research & Development,21,3,Medical,1,155,4,Male,35,2,3,Research Scientist,1,Married,8831,3500,1,Y,Yes,23,3,4,80,0,13,5,3,9,8,4,8,₹7K–₹12K,6–10 years,36–45
33,No,Travel_Rarely,1214,Sales,8,4,Medical,1,156,2,Female,85,3,4,Manager,3,Married,8988,26116,3,Y,No,23,4,2,80,0,12,2,2,1,0,0,0,₹7K–₹12K,<2 years,26–35
32,No,Travel_Rarely,116,Human Resources,5,2,Life Sciences,1,157,2,Male,91,3,5,Manager,2,Single,10549,8528,3,Y,No,20,3,4,80,2,6,0,3,0,0,0,0,₹7K–₹12K,<2 years,26–35
30,No,Travel_Rarely,1044,Sales,5,2,Life Sciences,1,158,4,Male,49,4,4,Manager,3,Married,10140,23627,0,Y,No,21,3,1,80,3,5,6,2,4,1,0,1,₹7K–₹12K,4–5 years,26–35
30,No,Travel_Rarely,1418,Sales,16,4,Life Sciences,1,159,3,Female,50,3,3,Sales Representative,3,Single,8758,5596,2,Y,No,24,3,4,80,3,12,5,1,11,4,6,0,₹7K–₹12K,10+ years,26–35
26,No,Travel_Rarely,946,Research & Development,15,3,Technical Degree,1,160,1,Female,54,4,4,Research Director,1,Single,8984,7365,2,Y,No,20,3,3,80,1,8,4,2,5,5,0,5,₹7K–₹12K,4–5 years,26–35
44,No,Non-Travel,1279,Research & Development,14,3,Medical,1,161,1,Male,60,2,3,Research Director,2,Divorced,8511,23619,4,Y,Yes,15,3,1,80,3,16,0,1,5,0,1,0,₹7K–₹12K,4–5 years,36–45
46,No,Non-Travel,590,Research & Development,11,2,Technical Degree,1,162,1,Female,45,4,3,Manager,1,Single,8393,21455,2,Y,No,15,3,4,80,1,15,6,4,15,9,5,5,₹7K–₹12K,10+ years,46–60
25,No,Travel_Rarely,740,Research & Development,12,3,Life Sciences,1,163,3,Male,39,2,3,Research Director,3,Divorced,7646,11383,4,Y,Yes,24,3,3,80,1,0,3,2,0,0,0,0,₹7K–₹12K,<2 years,18–25
32,No,Non-Travel,1056,Research & Development,4,3,Marketing,1,164,3,Female,99,2,4,Research Scientist,2,Divorced,9742,21539,1,Y,No,22,4,4,80,2,11,1,4,3,3,0,0,₹7K–₹12K,2–3 years,26–35
33,Yes,Travel_Rarely,808,Research & Development,16,2,Medical,1,165,3,Male,81,2,4,Research Director,2,Single,9650,24380,2,Y,No,19,3,3,80,2,6,2,2,6,3,5,3,₹7K–₹12K,6–10 years,26–35
40,No,Travel_Rarely,625,Research & Development,19,1,Human Resources,1,166,4,Male,75,3,3,Laboratory Technician,4,Single,7863,23299,4,Y,No,25,3,3,80,1,9,3,2,9,8,4,6,₹7K–₹12K,6–10 years,36–45
35,No,Travel_Rarely,1001,Sales,8,1,Marketing,1,167,3,Male,46,3,3,Sales Representative,2,Divorced,9411,18434,0,Y,No,18,3,2,80,1,11,3,2,9,6,0,6,₹7K–₹12K,6–10 years,26–35
50,No,Travel_Frequently,1296,Research & Development,29,2,Life Sciences,1,168,4,Female,43,4,4,Manager,4,Single,10139,19033,2,Y,No,25,4,3,80,3,20,6,1,13,4,1,3,₹7K–₹12K,10+ years,46–60
26,Yes,Travel_Rarely,1163,Sales,9,2,Life Sciences,1,169,4,Male,94,1,2,Sales Representative,2,Divorced,4150,5911,1,Y,Yes,15,3,3,80,0,5,5,3,0,0,0,0,₹4K–₹7K,<2 years,26–35
42,No,Travel_Frequently,1376,Sales,7,5,Medical,1,170,4,Male,31,2,1,Sales Executive,2,Divorced,4403,23918,3,Y,No,12,3,1,80,1,14,5,4,14,7,3,7,₹4K–₹7K,10+ years,36–45
40,No,Travel_Rarely,1439,Research & Development,4,4,Life Sciences,1,171,2,Male,57,1,2,Healthcare Representative,3,Married,6875,25181,2,Y,Yes,23,3,4,80,1,12,0,2,12,5,3,2,₹4K–₹7K,10+ years,36–45
30,No,Travel_Rarely,978,Research & Development,13,5,Medical,1,172,4,Female,49,4,5,Manager,1,Single,12770,6985,2,Y,No,22,3,1,80,3,11,5,3,7,2,1,2,₹12K+,6–10 years,26–35
32,No,Travel_Frequently,754,Research & Development,3,5,Technical Degree,1,173,1,Female,95,2,2,Manager,1,Married,6172,17678,2,Y,Yes,13,3,4,80,3,10,0,1,5,0,1,0,₹4K–₹7K,4–5 years,26–35
37,No,Travel_Frequently,437,Research & Development,4,2,Life Sciences,1,174,3,Female,39,1,4,Healthcare Representative,3,Single,8694,11875,3,Y,No,19,3,4,80,2,11,3,1,3,3,1,3,₹7K–₹12K,2–3 years,36–45
21,No,Non-Travel,481,Sales,8,1,Life Sciences,1,175,1,Male,79,4,2,Sales Representative,2,Single,4250,15101,3,Y,No,16,3,4,80,1,2,4,2,2,1,2,0,₹4K–₹7K,2–3 years,18–25
24,No,Travel_Rarely,963,Research & Development,12,1,Life Sciences,1,176,3,Female,43,1,2,Manager,4,Divorced,6376,22649,2,Y,No,19,3,1,80,3,6,5,4,3,0,0,0,₹4K–₹7K,2–3 years,18–25
33,No,Travel_Rarely,713,Research & Development,10,3,Life Sciences,1,177,1,Male,33,2,3,Manager,4,Married,7364,3279,5,Y,No,21,3,2,80,3,5,6,4,5,0,1,0,₹7K–₹12K,4–5 years,26–35
41,No,Travel_Rarely,391,Research & Development,2,3,Life Sciences,1,178,3,Male,34,4,5,Research Director,1,Single,11297,11467,2,Y,No,12,3,1,80,3,18,0,3,16,7,4,4,₹7K–₹12K,10+ years,36–45
54,No,Travel_Rarely,1130,Human Resources,11,5,Life Sciences,1,179,3,Male,59,1,2,Human Resources,3,Married,7494,8502,5,Y,No,16,3,1,80,1,21,6,2,15,8,6,4,₹7K–₹12K,10+ years,46–60
47,Yes,Travel_Rarely,1331,Sales,9,1,Technical Degree,1,180,4,Male,30,4,3,Manager,4,Divorced,9092,24548,0,Y,No,16,3,2,80,2,15,1,4,8,6,0,3,₹7K–₹12K,6–10 years,46–60
36,No,Travel_Rarely,1297,Human Resources,17,4,Marketing,1,181,3,Female,88,2,4,Manager,3,Married,9213,11728,2,Y,No,14,3,4,80,0,16,3,1,3,0,0,0,₹7K–₹12K,2–3 years,36–45
24,No,Travel_Rarely,605,Research & Development,13,5,Medical,1,182,1,Female,71,2,2,Healthcare Representative,1,Single,5573,20125,3,Y,No,22,3,4,80,1,1,0,3,1,0,0,0,₹4K–₹7K,<2 years,18–25
37,Yes,Travel_Rarely,1181,Research & Development,2,2,Life Sciences,1,183,2,Male,55,4,3,Manufacturing Director,3,Single,8182,2164,1,Y,No,22,3,2,80,1,5,4,4,0,0,0,0,₹7K–₹12K,<2 years,36–45
40,No,Travel_Frequently,366,Research & Development,21,3,Medical,1,184,3,Female,62,3,2,Laboratory Technician,4,Single,5805,17222,1,Y,Yes,25,3,4,80,3,10,3,2,7,4,5,4,₹4K–₹7K,6–10 years,36–45
44,Yes,Travel_Rarely,603,Research & Development,9,3,Medical,1,185,4,Male,96,3,3,Manufacturing Director,4,Divorced,8556,11840,6,Y,No,18,3,3,80,2,10,5,2,10,7,3,6,₹7K–₹12K,6–10 years,36–45
44,No,Travel_Rarely,1292,Sales,18,3,Human Resources,1,186,4,Female,90,3,4,Sales Executive,3,Married,11673,7054,2,Y,No,14,3,3,80,3,13,5,1,5,5,2,2,₹7K–₹12K,4–5 years,36–45
40,No,Travel_Rarely,451,Research & Development,7,3,Marketing,1,187,4,Female,37,3,4,Research Director,1,Divorced,12055,23873,4,Y,No,22,3,2,80,2,17,4,2,11,4,6,3,₹12K+,10+ years,36–45
18,No,Travel_Rarely,1224,Research & Development,18,2,Medical,1,188,1,Female,51,3,2,Research Scientist,2,Married,4718,3179,2,Y,No,22,3,3,80,2,0,4,1,0,0,0,0,₹4K–₹7K,<2 years,18–25
48,No,Travel_Rarely,216,Research & Development,12,1,Life Sciences,1,189,3,Male,70,2,4,Research Director,3,Married,10578,5735,3,Y,Yes,23,3,2,80,2,17,4,3,17,8,7,8,₹7K–₹12K,10+ years,46–60
32,No,Travel_Rarely,1407,Sales,13,1,Life Sciences,1,190,4,Male,47,3,2,Manager,4,Married,5478,9019,2,Y,No,11,4,4,80,2,6,6,3,5,0,0,0,₹4K–₹7K,4–5 years,26–35
40,No,Travel_Rarely,756,Research & Development,28,1,Life Sciences,1,191,4,Male,82,2,5,Manager,1,Single,11741,16405,6,Y,No,11,3,1,80,2,14,1,1,10,4,4,3,₹7K–₹12K,6–10 years,36–45
28,No,Travel_Frequently,522,Research & Development,9,4,Life Sciences,1,192,2,Female,81,3,3,Manufacturing Director,4,Single,6400,18764,2,Y,No,20,3,2,80,0,3,3,3,3,0,3,0,₹4K–₹7K,2–3 years,26–35
47,No,Travel_Rarely,509,Sales,16,3,Medical,1,193,2,Male,82,2,2,Sales Executive,1,Single,6904,14298,0,Y,Yes,18,3,3,80,1,18,1,2,13,7,5,2,₹4K–₹7K,10+ years,46–60
27,No,Travel_Rarely,672,Research & Development,5,3,Medical,1,194,2,Female,37,2,3,Laboratory Technician,2,Divorced,8142,19640,2,Y,No,12,3,4,80,3,12,5,3,6,6,2,5,₹7K–₹12K,6–10 years,26–35
55,No,Travel_Rarely,899,Sales,4,3,Life Sciences,1,195,1,Male,68,2,1,Sales Representative,4,Single,5324,23856,0,Y,No,15,4,1,80,3,27,0,2,26,9,6,3,₹4K–₹7K,10+ years,46–60
41,No,Travel_Rarely,378,Research & Development,14,1,Medical,1,196,2,Male,87,4,5,Manager,2,Married,11759,24146,2,Y,No,16,3,3,80,3,2,0,2,2,0,0,0,₹7K–₹12K,2–3 years,36–45
41,Yes,Travel_Frequently,1397,Research & Development,11,5,Marketing,1,197,2,Male,87,3,1,Research Director,2,Single,3783,4006,2,Y,No,15,3,4,80,1,22,6,1,12,3,4,3,<₹4K,10+ years,36–45
42,Yes,Travel_Rarely,1054,Sales,15,4,Medical,1,198,3,Male,51,1,5,Manager,2,Married,12917,16762,3,Y,No,19,3,4,80,2,11,3,2,0,0,0,0,₹12K+,<2 years,36–45
47,No,Travel_Rarely,1386,Research & Development,23,1,Marketing,1,199,4,Female,75,2,3,Research Director,4,Single,9187,8684,3,Y,No,16,3,2,80,0,18,4,3,12,2,4,1,₹7K–₹12K,10+ years,46–60
47,No,Travel_Rarely,1418,Research & Development,18,2,Technical Degree,1,200,4,Male,33,3,3,Manager,2,Married,8565,24452,2,Y,No,20,3,4,80,0,23,2,1,15,12,3,6,₹7K–₹12K,10+ years,46–60
43,No,Travel_Rarely,308,Human Resources,20,2,Life Sciences,1,201,2,Male,37,1,3,Manager,3,Divorced,8857,4921,3,Y,No,21,3,3,80,0,13,1,1,7,2,4,2,₹7K–₹12K,6–10 years,36–45
36,No,Travel_Rarely,157,Research & Development,13,2,Medical,1,202,1,Male,95,3,4,Research Director,4,Single,9739,8346,2,Y,No,12,3,3,80,0,10,5,3,0,0,0,0,₹7K–₹12K,<2 years,36–45
21,Yes,Travel_Rarely,434,Sales,20,3,Medical,1,203,4,Male,37,1,4,Manager,3,Divorced,8968,4117,2,Y,Yes,24,3,4,80,1,5,5,3,5,0,4,0,₹7K–₹12K,4–5 years,18–25
30,No,Travel_Rarely,364,Research & Development,5,1,Medical,1,204,1,Female,94,4,3,Manager,3,Single,7218,19471,3,Y,No,12,3,3,80,2,3,0,2,0,0,0,0,₹7K–₹12K,<2 years,26–35
37,No,Travel_Frequently,517,Research & Development,12,1,Life Sciences,1,205,3,Male,35,3,3,Research Scientist,1,Married,8600,13276,1,Y,No,13,4,3,80,2,9,0,3,4,3,1,3,₹7K–₹12K,4–5 years,36–45
47,No,Travel_Rarely,1403,Sales,7,4,Life Sciences,1,206,3,Male,82,3,2,Sales Representative,2,Divorced,6515,11564,3,Y,No,14,3,4,80,3,14,3,4,10,5,6,2,₹4K–₹7K,6–10 years,46–60
40,Yes,Travel_Rarely,1400,Sales,15,2,Medical,1,207,4,Male,97,2,4,Sales Representative,2,Married,10465,26550,1,Y,Yes,21,3,4,80,2,7,4,2,1,1,0,0,₹7K–₹12K,<2 years,36–45
46,No,Travel_Frequently,1233,Research & Development,12,2,Medical,1,208,3,Male,77,4,5,Manager,3,Married,11768,13290,1,Y,No,21,3,3,80,0,15,5,2,10,6,2,3,₹7K–₹12K,6–10 years,46–60
22,No,Travel_Rarely,305,Research & Development,7,5,Medical,1,209,1,Female,46,1,4,Research Director,2,Single,9573,2552,2,Y,Yes,11,3,1,80,0,2,4,3,1,1,0,0,₹7K–₹12K,<2 years,18–25
45,Yes,Travel_Rarely,552,Sales,29,4,Life Sciences,1,210,1,Female,88,2,5,Sales Representative,2,Single,13460,9106,2,Y,Yes,21,3,2,80,1,18,1,4,10,4,5,2,₹12K+,6–10 years,36–45
31,No,Non-Travel,749,Research & Development,4,3,Medical,1,211,1,Male,68,3,3,Manager,2,Married,5953,24196,0,Y,No,24,3,2,80,2,6,1,4,2,2,0,1,₹4K–₹7K,2–3 years,26–35
41,Yes,Travel_Frequently,1151,Research & Development,15,1,Medical,1,212,4,Male,46,4,2,Laboratory Technician,4,Single,8279,21541,3,Y,No,21,3,3,80,2,14,6,1,5,4,0,3,₹7K–₹12K,4–5 years,36–45
44,No,Travel_Frequently,1443,Research & Development,4,3,Medical,1,213,2,Male,55,1,4,Laboratory Technician,3,Single,9815,23881,1,Y,No,20,3,4,80,1,13,3,1,11,10,2,5,₹7K–₹12K,10+ years,36–45
38,No,Travel_Rarely,1442,Research & Development,3,1,Life Sciences,1,214,1,Male,63,4,1,Research Scientist,3,Single,4271,21847,5,Y,Yes,14,3,2,80,1,6,3,1,2,1,0,1,₹4K–₹7K,2–3 years,36–45
52,No,Non-Travel,1007,Sales,5,1,Marketing,1,215,2,Male,56,4,5,Manager,4,Single,13961,20776,3,Y,No,11,3,1,80,2,21,2,1,14,8,2,5,₹12K+,10+ years,46–60
27,No,Travel_Rarely,153,Research & Development,5,1,Medical,1,216,3,Female,99,4,1,Laboratory Technician,2,Married,2508,12688,0,Y,No,24,3,4,80,1,3,5,4,0,0,0,0,<₹4K,<2 years,26–35
24,No,Travel_Rarely,220,Sales,9,4,Life Sciences,1,217,1,Female,49,2,5,Manager,2,Married,10099,6602,3,Y,No,14,3,2,80,2,1,4,1,0,0,0,0,₹7K–₹12K,<2 years,18–25
33,Yes,Travel_Rarely,599,Sales,17,2,Medical,1,218,1,Male,76,2,2,Sales Representative,1,Single,5612,13600,2,Y,No,12,4,2,80,0,8,5,1,2,2,0,0,₹4K–₹7K,2–3 years,26–35
22,Yes,Travel_Rarely,1225,Sales,11,1,Medical,1,219,1,Male,46,4,4,Sales Representative,4,Married,8863,14266,5,Y,No,15,3,1,80,1,0,4,2,0,0,0,0,₹7K–₹12K,<2 years,18–25
27,No,Travel_Rarely,1484,Research & Development,2,2,Life Sciences,1,220,2,Female,60,3,4,Manager,1,Married,9751,7875,0,Y,No,12,3,1,80,1,4,6,4,4,3,0,3,₹7K–₹12K,4–5 years,26–35
23,Yes,Travel_Rarely,1221,Sales,3,2,Marketing,1,221,2,Female,38,2,3,Sales Executive,2,Divorced,5020,7571,0,Y,No,13,4,4,80,3,0,0,2,0,0,0,0,₹4K–₹7K,<2 years,18–25
39,No,Travel_Rarely,1447,Human Resources,4,4,Life Sciences,1,222,3,Male,44,1,5,Human Resources,2,Married,11550,26680,1,Y,Yes,21,3,3,80,2,13,1,3,13,4,4,4,₹7K–₹12K,10+ years,36–45
48,No,Travel_Rarely,678,Sales,6,2,Medical,1,223,3,Female,57,1,3,Sales Executive,4,Single,9047,11468,1,Y,Yes,11,3,2,80,2,22,2,3,9,4,0,3,₹7K–₹12K,6–10 years,46–60
31,No,Non-Travel,753,Research & Development,29,2,Technical Degree,1,224,2,Male,71,3,4,Manager,1,Single,9009,22883,6,Y,No,13,3,4,80,0,3,3,3,0,0,0,0,₹7K–₹12K,<2 years,26–35
37,No,Travel_Rarely,1120,Research & Development,3,4,Life Sciences,1,225,4,Male,65,2,5,Manager,4,Single,12398,20221,0,Y,No,16,3,1,80,0,19,6,2,9,4,5,4,₹12K+,6–10 years,36–45
41,No,Travel_Rarely,1078,Research & Development,16,3,Medical,1,226,4,Female,50,2,3,Manager,1,Married,8686,19277,4,Y,No,25,3,2,80,1,15,2,3,11,6,2,6,₹7K–₹12K,10+ years,36–45
44,No,Travel_Rarely,953,Research & Development,8,2,Technical Degree,1,227,2,Female,71,1,5,Manager,4,Single,12387,17319,4,Y,No,22,3,4,80,1,17,2,2,4,3,1,3,₹12K+,4–5 years,36–45
49,No,Travel_Rarely,1397,Sales,6,3,Marketing,1,228,3,Male,97,4,2,Sales Executive,1,Divorced,6126,26582,1,Y,No,23,4,2,80,1,25,0,1,10,8,0,8,₹4K–₹7K,6–10 years,46–60
44,No,Travel_Rarely,1153,Research & Development,29,5,Medical,1,229,3,Female,71,1,4,Healthcare Representative,2,Married,9886,2418,4,Y,Yes,13,3,3,80,0,13,5,4,12,2,4,0,₹7K–₹12K,10+ years,36–45
37,Yes,Travel_Rarely,826,Research & Development,9,4,Life Sciences,1,230,2,Male,30,4,5,Healthcare Representative,2,Married,12870,24256,5,Y,No,11,3,3,80,0,8,4,4,5,5,5,3,₹12K+,4–5 years,36–45
48,No,Travel_Rarely,1409,Human Resources,2,5,Life Sciences,1,231,2,Male,71,2,5,Human Resources,1,Married,12429,16488,5,Y,No,20,4,1,80,3,16,3,3,7,7,5,6,₹12K+,6–10 years,46–60
40,No,Travel_Frequently,294,Sales,13,2,Other,1,232,2,Male,80,4,5,Manager,3,Married,11662,10659,0,Y,No,16,3,2,80,2,12,4,2,12,6,6,6,₹7K–₹12K,10+ years,36–45
44,No,Non-Travel,370,Human Resources,6,3,Life Sciences,1,233,2,Female,97,3,2,Human Resources,4,Divorced,6044,3828,3,Y,No,16,3,2,80,3,12,6,3,9,3,3,0,₹4K–₹7K,6–10 years,36–45
39,Yes,Travel_Rarely,473,Sales,20,1,Technical Degree,1,234,1,Female,73,3,2,Sales Representative,4,Married,7226,14970,1,Y,Yes,17,3,1,80,1,6,5,2,1,1,0,1,₹7K–₹12K,<2 years,36–45
50,No,Travel_Rarely,380,Sales,7,2,Life Sciences,1,235,2,Female,97,4,5,Manager,4,Married,12671,13225,2,Y,No,13,4,3,80,1,15,0,1,8,3,2,3,₹12K+,6–10 years,46–60
44,No,Travel_Frequently,533,Research & Development,10,2,Other,1,236,3,Male,67,1,3,Research Director,4,Married,7931,13377,0,Y,No,11,3,3,80,3,16,4,4,8,6,2,6,₹7K–₹12K,6–10 years,36–45
51,No,Travel_Rarely,1288,Sales,18,3,Medical,1,237,2,Male,98,2,4,Manager,1,Divorced,10930,25384,2,Y,Yes,17,4,3,80,2,22,2,1,14,7,5,4,₹7K–₹12K,10+ years,46–60
32,Yes,Travel_Rarely,542,Sales,8,2,Medical,1,238,1,Male,61,3,2,Sales Representative,2,Single,5264,18838,4,Y,No,17,3,4,80,0,8,6,3,6,2,5,2,₹4K–₹7K,6–10 years,26–35
48,No,Travel_Rarely,1377,Research & Development,4,4,Medical,1,239,4,Female,93,3,2,Research Scientist,2,Divorced,7921,12621,2,Y,Yes,17,3,3,80,0,14,2,4,9,6,3,5,₹7K–₹12K,6–10 years,46–60
32,Yes,Travel_Rarely,1272,Research & Development,12,3,Human Resources,1,240,4,Female,45,2,2,Research Director,2,Married,5498,7652,2,Y,Yes,19,3,4,80,3,1,1,3,1,0,1,0,₹4K–₹7K,<2 years,26–35
44,No,Travel_Frequently,687,Sales,4,4,Life Sciences,1,241,4,Female,34,4,4,Manager,2,Married,9362,12654,1,Y,No,13,3,1,80,3,15,1,3,2,0,0,0,₹7K–₹12K,2–3 years,36–45
34,Yes,Travel_Rarely,656,Research & Development,7,4,Life Sciences,1,242,1,Male,97,3,2,Research Scientist,2,Married,3869,17285,6,Y,Yes,19,3,1,80,1,2,4,1,0,0,0,0,<₹4K,<2 years,26–35
44,No,Travel_Rarely,720,Research & Development,6,3,Marketing,1,243,1,Female,80,4,3,Manufacturing Director,4,Married,9238,4351,0,Y,No,16,3,2,80,1,12,4,3,8,6,3,4,₹7K–₹12K,6–10 years,36–45
24,No,Travel_Rarely,661,Sales,9,3,Life Sciences,1,244,2,Male,97,1,3,Manager,1,Single,6711,10007,2,Y,No,15,3,3,80,2,8,4,1,3,0,0,0,₹4K–₹7K,2–3 years,18–25
41,No,Travel_Rarely,347,Research & Development,3,3,Medical,1,245,4,Male,96,3,4,Manager,4,Single,9699,12577,3,Y,No,22,3,2,80,1,15,4,1,14,6,4,4,₹7K–₹12K,10+ years,36–45
48,No,Travel_Rarely,118,Research & Development,12,1,Medical,1,246,2,Male,49,2,5,Laboratory Technician,2,Divorced,12535,12453,4,Y,No,12,3,4,80,2,8,0,2,4,0,0,0,₹12K+,4–5 years,46–60
26,Yes,Travel_Frequently,657,Research & Development,7,2,Life Sciences,1,247,2,Male,65,4,3,Laboratory Technician,4,Married,7364,4733,2,Y,No,11,4,3,80,1,10,0,2,7,1,0,0,₹7K–₹12K,6–10 years,26–35
36,No,Non-Travel,461,Research & Development,28,3,Medical,1,248,2,Male,52,2,5,Manager,4,Divorced,10027,16612,1,Y,No,18,3,3,80,0,12,2,4,10,3,6,0,₹7K–₹12K,6–10 years,36–45
45,No,Travel_Rarely,262,Research & Development,7,5,Life Sciences,1,249,3,Female,34,2,5,Manager,4,Divorced,11278,18450,2,Y,No,13,3,4,80,2,12,2,1,4,2,4,0,₹7K–₹12K,4–5 years,36–45
22,No,Travel_Rarely,801,Research & Development,10,1,Life Sciences,1,250,3,Male,48,4,5,Research Director,1,Married,10709,10534,3,Y,No,22,3,1,80,3,0,6,2,0,0,0,0,₹7K–₹12K,<2 years,18–25
27,No,Travel_Rarely,396,Research & Development,10,3,Medical,1,251,2,Male,61,4,5,Healthcare Representative,2,Divorced,11487,22804,3,Y,No,18,4,1,80,0,8,6,4,0,0,0,0,₹7K–₹12K,<2 years,26–35
43,Yes,Travel_Rarely,1198,Research & Development,8,5,Marketing,1,252,2,Female,70,3,4,Healthcare Representative,1,Married,11039,11442,2,Y,Yes,22,3,1,80,1,8,2,1,8,6,2,2,₹7K–₹12K,6–10 years,36–45
54,No,Travel_Rarely,780,Sales,7,4,Medical,1,253,4,Male,97,3,2,Sales Executive,2,Single,7219,4309,3,Y,No,14,3,2,80,1,20,6,2,5,2,0,0,₹7K–₹12K,4–5 years,46–60
41,No,Travel_Frequently,568,Research & Development,6,3,Marketing,1,254,2,Male,83,1,5,Manager,3,Single,11475,9714,1,Y,No,15,3,1,80,3,17,4,1,17,8,8,7,₹7K–₹12K,10+ years,36–45
41,No,Travel_Frequently,616,Sales,11,2,Medical,1,255,1,Male,95,4,3,Sales Executive,4,Single,8501,21678,2,Y,No,14,3,3,80,0,21,1,2,17,9,7,5,₹7K–₹12K,10+ years,36–45
51,No,Travel_Rarely,1007,Research & Development,3,3,Life Sciences,1,256,2,Male,50,3,4,Manufacturing Director,1,Married,10905,2145,2,Y,No,23,4,1,80,2,16,2,4,6,5,2,4,₹7K–₹12K,6–10 years,46–60
34,No,Travel_Rarely,728,Human Resources,7,3,Life Sciences,1,257,3,Male,86,4,4,Manager,4,Single,9055,23989,4,Y,Yes,21,3,1,80,3,6,0,3,6,4,0,3,₹7K–₹12K,6–10 years,26–35
28,No,Travel_Rarely,948,Research & Development,15,3,Life Sciences,1,258,3,Female,63,2,4,Manager,3,Single,8965,9681,2,Y,No,15,3,1,80,1,0,3,3,0,0,0,0,₹7K–₹12K,<2 years,26–35
31,No,Non-Travel,575,Research & Development,17,4,Life Sciences,1,259,4,Female,68,3,1,Research Scientist,3,Married,5398,14854,5,Y,No,19,3,4,80,0,1,1,1,0,0,0,0,₹4K–₹7K,<2 years,26–35
28,No,Travel_Rarely,106,Research & Development,11,3,Medical,1,260,4,Female,47,4,5,Manufacturing Director,2,Married,11121,8570,4,Y,No,14,4,4,80,1,0,3,1,0,0,0,0,₹7K–₹12K,<2 years,26–35
35,No,Travel_Rarely,820,Research & Development,3,3,Medical,1,261,3,Male,91,3,4,Research Director,3,Married,9018,11418,2,Y,No,14,3,1,80,1,9,1,4,7,4,4,2,₹7K–₹12K,6–10 years,26–35
22,Yes,Travel_Frequently,1148,Research & Development,22,2,Life Sciences,1,262,3,Female,76,1,4,Manager,1,Married,7573,18669,2,Y,No,18,3,2,80,1,5,0,4,5,5,0,4,₹7K–₹12K,4–5 years,18–25
40,No,Travel_Rarely,1470,Research & Development,7,4,Medical,1,263,2,Female,58,1,2,Research Scientist,4,Married,6185,24364,3,Y,No,20,3,2,80,0,16,1,2,16,6,1,2,₹4K–₹7K,10+ years,36–45
39,No,Travel_Rarely,411,Research & Development,5,1,Medical,1,264,4,Male,75,4,2,Healthcare Representative,2,Single,6921,19320,1,Y,No,20,4,4,80,2,11,1,2,8,3,1,1,₹4K–₹7K,6–10 years,36–45
36,No,Travel_Rarely,125,Research & Development,27,2,Life Sciences,1,265,4,Female,68,1,4,Research Scientist,2,Divorced,9563,3651,1,Y,Yes,16,4,3,80,3,12,6,4,9,2,3,0,₹7K–₹12K,6–10 years,36–45
48,No,Travel_Rarely,689,Sales,17,3,Life Sciences,1,266,3,Male,95,3,5,Sales Executive,3,Married,13111,4065,0,Y,No,20,3,3,80,3,11,5,1,4,3,4,0,₹12K+,4–5 years,46–60
27,No,Travel_Rarely,1097,Research & Development,8,2,Medical,1,267,4,Male,41,1,4,Manager,1,Married,9425,23642,2,Y,No,15,4,2,80,0,5,0,2,3,2,3,2,₹7K–₹12K,2–3 years,26–35
48,No,Non-Travel,1152,Research & Development,23,2,Life Sciences,1,268,4,Male,67,1,2,Research Scientist,4,Divorced,8643,8281,5,Y,No,11,4,1,80,1,15,0,4,8,5,0,1,₹7K–₹12K,6–10 years,46–60
47,Yes,Travel_Frequently,575,Research & Development,6,1,Life Sciences,1,269,2,Male,92,4,3,Healthcare Representative,4,Married,8576,18146,3,Y,Yes,12,3,3,80,3,16,0,2,7,2,3,0,₹7K–₹12K,6–10 years,46–60
51,Yes,Travel_Frequently,595,Human Resources,18,4,Medical,1,270,2,Female,48,2,2,Human Resources,1,Single,8386,5035,1,Y,No,19,3,2,80,0,15,6,3,11,1,3,0,₹7K–₹12K,10+ years,46–60
23,No,Travel_Rarely,886,Research & Development,7,5,Technical Degree,1,271,4,Female,64,3,5,Healthcare Representative,2,Single,11315,16043,1,Y,Yes,14,4,3,80,3,0,1,3,0,0,0,0,₹7K–₹12K,<2 years,18–25
35,No,Travel_Rarely,1047,Research & Development,20,2,Technical Degree,1,272,1,Male,63,3,1,Research Scientist,2,Married,5852,11366,4,Y,No,14,3,4,80,2,13,1,1,8,6,3,6,₹4K–₹7K,6–10 years,26–35
38,No,Travel_Rarely,847,Research & Development,29,5,Life Sciences,1,273,3,Male,34,3,4,Manager,4,Single,8612,13827,1,Y,Yes,18,3,4,80,2,16,4,3,10,6,0,5,₹7K–₹12K,6–10 years,36–45
23,No,Travel_Rarely,749,Sales,1,4,Medical,1,274,1,Male,71,1,4,Manager,4,Divorced,10407,5307,2,Y,Yes,13,3,3,80,2,4,4,3,3,3,3,3,₹7K–₹12K,2–3 years,18–25
26,No,Travel_Rarely,815,Research & Development,16,1,Medical,1,275,3,Female,99,1,3,Research Scientist,3,Married,7841,22427,2,Y,Yes,24,3,3,80,0,7,0,4,7,1,5,0,₹7K–₹12K,6–10 years,26–35
23,No,Travel_Rarely,1407,Research & Development,8,1,Marketing,1,276,2,Female,37,2,5,Manufacturing Director,4,Married,11139,6050,1,Y,No,24,4,2,80,0,5,4,3,5,5,2,3,₹7K–₹12K,4–5 years,18–25
49,No,Travel_Rarely,1362,Sales,14,1,Technical Degree,1,277,2,Female,81,3,3,Sales Representative,1,Divorced,7399,8704,1,Y,Yes,18,3,2,80,0,21,5,4,17,11,3,10,₹7K–₹12K,10+ years,46–60
42,Yes,Travel_Rarely,1088,Research & Development,6,2,Medical,1,278,1,Female,56,1,3,Manufacturing Director,4,Married,9312,17179,3,Y,No,22,3,4,80,2,12,4,3,0,0,0,0,₹7K–₹12K,<2 years,36–45
33,No,Non-Travel,666,Research & Development,6,2,Life Sciences,1,279,1,Male,64,4,1,Manager,4,Married,3647,10258,1,Y,No,15,3,3,80,2,9,2,3,5,0,0,0,<₹4K,4–5 years,26–35
45,No,Travel_Rarely,1001,Research & Development,23,1,Marketing,1,280,4,Female,40,3,4,Research Scientist,3,Married,10276,23966,1,Y,No,24,3,4,80,1,13,1,1,12,2,5,2,₹7K–₹12K,10+ years,36–45
45,No,Travel_Rarely,525,Research & Development,12,2,Medical,1,281,1,Male,91,4,3,Research Director,3,Single,8332,20828,0,Y,No,24,3,3,80,2,14,3,2,2,1,2,0,₹7K–₹12K,2–3 years,36–45
46,No,Travel_Rarely,1144,Sales,3,1,Human Resources,1,282,4,Female,81,1,3,Manager,4,Married,9232,19889,3,Y,No,24,3,4,80,1,15,1,3,15,5,6,1,₹7K–₹12K,10+ years,46–60
53,Yes,Travel_Frequently,686,Sales,3,3,Medical,1,283,3,Male,35,4,3,Sales Executive,3,Married,9814,2711,4,Y,No,25,3,2,80,3,21,4,1,14,5,4,2,₹7K–₹12K,10+ years,46–60
38,No,Travel_Rarely,645,Human Resources,9,2,Medical,1,284,3,Male,87,1,1,Human Resources,3,Divorced,5270,26975,1,Y,No,18,3,3,80,1,17,1,2,17,12,7,7,₹4K–₹7K,10+ years,36–45
28,No,Travel_Frequently,776,Research & Development,13,5,Life Sciences,1,285,1,Male,59,2,4,Research Scientist,1,Married,8530,17541,1,Y,Yes,11,4,2,80,3,6,2,2,6,2,0,2,₹7K–₹12K,6–10 years,26–35
49,No,Travel_Rarely,956,Research & Development,10,1,Life Sciences,1,286,3,Female,67,3,3,Manufacturing Director,4,Divorced,8709,18723,3,Y,Yes,24,3,3,80,3,21,6,4,17,12,2,9,₹7K–₹12K,10+ years,46–60
28,No,Travel_Rarely,959,Research & Development,9,4,Medical,1,287,4,Female,66,4,2,Healthcare Representative,4,Married,5220,12236,1,Y,No,12,3,4,80,3,1,1,1,1,0,0,0,₹4K–₹7K,<2 years,26–35
54,No,Travel_Rarely,361,Research & Development,12,4,Medical,1,288,4,Male,80,2,5,Manufacturing Director,2,Single,13417,26148,2,Y,Yes,22,3,1,80,2,28,6,2,23,9,3,5,₹12K+,10+ years,46–60
36,No,Non-Travel,728,Research & Development,13,2,Life Sciences,1,289,4,Male,30,4,3,Healthcare Representative,1,Married,7535,22646,4,Y,No,24,3,2,80,3,11,2,1,11,7,0,3,₹7K–₹12K,10+ years,36–45
34,No,Travel_Frequently,409,Research & Development,7,4,Life Sciences,1,290,3,Female,52,4,4,Manufacturing Director,1,Married,8210,22981,2,Y,No,25,3,1,80,3,11,5,3,2,1,0,0,₹7K–₹12K,2–3 years,26–35
54,No,Travel_Rarely,1303,Research & Development,11,2,Marketing,1,291,2,Male,89,4,5,Manager,1,Single,14823,11905,3,Y,No,16,3,4,80,1,18,5,4,7,5,2,3,₹12K+,6–10 years,46–60
34,No,Travel_Frequently,778,Human Resources,3,4,Medical,1,292,1,Female,43,1,2,Human Resources,4,Divorced,6978,5630,1,Y,Yes,22,3,1,80,0,12,4,1,8,4,0,1,₹4K–₹7K,6–10 years,26–35
40,Yes,Travel_Rarely,832,Sales,9,1,Marketing,1,293,3,Male,32,2,3,Sales Representative,2,Single,7798,26953,2,Y,No,16,3,2,80,0,16,1,2,6,1,0,0,₹7K–₹12K,6–10 years,36–45
45,No,Travel_Rarely,1368,Research & Development,13,5,Medical,1,294,3,Female,91,3,2,Laboratory Technician,1,Married,6786,19734,4,Y,Yes,18,3,4,80,0,18,1,2,5,1,1,0,₹4K–₹7K,4–5 years,36–45
31,No,Travel_Rarely,902,Sales,17,3,Medical,1,295,4,Male,67,1,2,Sales Representative,1,Single,4609,22992,2,Y,Yes,12,3,2,80,3,8,6,3,5,0,0,0,₹4K–₹7K,4–5 years,26–35
25,No,Travel_Rarely,503,Research & Development,7,1,Medical,1,296,3,Female,72,4,3,Laboratory Technician,3,Married,5845,19285,1,Y,No,23,3,2,80,2,10,4,2,4,2,0,0,₹4K–₹7K,4–5 years,18–25
29,No,Travel_Rarely,776,Research & Development,29,1,Technical Degree,1,297,2,Male,75,4,3,Research Scientist,3,Divorced,6124,24475,4,Y,No,24,3,3,80,0,8,5,4,6,2,2,2,₹4K–₹7K,6–10 years,26–35
22,No,Travel_Rarely,517,Research & Development,13,2,Medical,1,298,3,Male,71,3,1,Healthcare Representative,3,Married,2770,13477,2,Y,No,12,3,2,80,3,0,1,3,0,0,0,0,<₹4K,<2 years,18–25
28,No,Travel_Rarely,1204,Research & Development,6,4,Medical,1,299,1,Female,58,4,2,Research Scientist,3,Divorced,6882,19069,6,Y,No,12,3,3,80,0,9,5,1,9,7,2,6,₹4K–₹7K,6–10 years,26–35
36,No,Travel_Rarely,1186,Research & Development,15,4,Life Sciences,1,300,3,Female,77,4,3,Laboratory Technician,2,Single,7258,16012,5,Y,No,21,4,4,80,1,12,6,1,6,0,0,0,₹7K–₹12K,6–10 years,36–45
40,No,Travel_Rarely,623,Research & Development,4,3,Life Sciences,1,301,3,Male,84,4,3,Manager,2,Single,7791,25022,4,Y,No,11,3,1,80,1,16,6,4,16,6,4,4,₹7K–₹12K,10+ years,36–45
41,No,Travel_Rarely,361,Sales,4,2,Life Sciences,1,302,2,Male,32,4,2,Sales Representative,3,Single,7562,6438,3,Y,No,25,3,1,80,1,13,1,1,5,4,5,2,₹7K–₹12K,4–5 years,36–45
53,Yes,Travel_Rarely,1155,Research & Development,15,4,Life Sciences,1,303,4,Female,76,1,1,Laboratory Technician,3,Married,5989,21365,1,Y,No,13,3,4,80,1,21,4,2,10,5,2,1,₹4K–₹7K,6–10 years,46–60
18,No,Travel_Rarely,212,Research & Development,4,3,Life Sciences,1,304,1,Male,36,2,4,Research Director,1,Married,9532,3246,2,Y,No,17,4,4,80,1,7,0,4,2,0,2,0,₹7K–₹12K,2–3 years,18–25
40,No,Travel_Rarely,789,Research & Development,13,4,Medical,1,305,2,Male,67,3,3,Research Director,4,Single,8974,24097,1,Y,No,22,3,2,80,1,19,4,1,6,0,0,0,₹7K–₹12K,6–10 years,36–45
46,No,Travel_Rarely,973,Research & Development,16,4,Marketing,1,306,3,Female,60,1,5,Research Director,2,Married,13395,19861,3,Y,No,14,3,3,80,1,14,6,2,7,2,1,0,₹12K+,6–10 years,46–60
40,No,Travel_Frequently,176,Sales,4,3,Life Sciences,1,307,3,Male,92,3,5,Manager,3,Married,13079,13214,1,Y,Yes,24,4,1,80,1,19,0,3,11,2,4,1,₹12K+,10+ years,36–45
36,No,Travel_Rarely,1036,Sales,8,5,Life Sciences,1,308,4,Female,30,1,2,Sales Representative,4,Married,5986,24945,2,Y,No,17,3,3,80,1,0,6,1,0,0,0,0,₹4K–₹7K,<2 years,36–45
35,No,Travel_Rarely,583,Sales,5,5,Life Sciences,1,309,1,Male,95,2,3,Sales Representative,3,Married,8774,2890,3,Y,Yes,12,3,3,80,1,9,1,4,8,7,0,5,₹7K–₹12K,6–10 years,26–35
43,No,Travel_Rarely,669,Sales,8,1,Medical,1,310,4,Female,98,2,3,Sales Representative,2,Married,7748,5910,1,Y,No,18,4,3,80,2,14,2,3,9,5,3,2,₹7K–₹12K,6–10 years,36–45
33,No,Travel_Rarely,643,Human Resources,11,4,Technical Degree,1,311,1,Female,72,1,3,Manager,2,Married,7700,9311,5,Y,No,14,4,3,80,3,0,2,1,0,0,0,0,₹7K–₹12K,<2 years,26–35
46,No,Non-Travel,1186,Sales,18,5,Medical,1,312,3,Female,39,4,2,Sales Representative,2,Single,7652,21857,2,Y,No,19,3,4,80,3,11,6,2,4,2,1,2,₹7K–₹12K,4–5 years,46–60
35,No,Travel_Rarely,306,Sales,10,5,Medical,1,313,4,Female,97,1,3,Sales Executive,2,Married,7702,3309,2,Y,No,19,3,3,80,2,11,6,2,10,8,5,6,₹7K–₹12K,6–10 years,26–35
38,Yes,Travel_Frequently,276,Research & Development,14,5,Medical,1,314,3,Male,54,4,1,Laboratory Technician,4,Married,4608,10142,1,Y,Yes,13,3,3,80,3,8,5,2,8,0,0,0,₹4K–₹7K,6–10 years,36–45
44,No,Travel_Frequently,694,Research & Development,8,1,Life Sciences,1,315,4,Male,79,4,3,Manager,3,Married,8074,6288,4,Y,No,18,3,2,80,1,13,6,2,6,2,3,2,₹7K–₹12K,6–10 years,36–45
45,No,Travel_Rarely,1419,Research & Development,15,3,Life Sciences,1,316,2,Female,39,3,4,Manufacturing Director,4,Single,11348,14636,2,Y,Yes,13,4,1,80,2,15,0,1,15,7,11,6,₹7K–₹12K,10+ years,36–45
43,No,Travel_Rarely,1047,Research & Development,7,4,Life Sciences,1,317,2,Male,68,2,3,Manufacturing Director,4,Married,8583,5622,2,Y,No,19,3,1,80,3,8,5,3,8,6,6,5,₹7K–₹12K,6–10 years,36–45
50,No,Travel_Rarely,654,Research & Development,26,5,Medical,1,318,4,Female,38,4,5,Research Director,1,Single,12253,19373,2,Y,No,16,3,3,80,1,18,2,3,15,9,3,7,₹12K+,10+ years,46–60
36,No,Non-Travel,1439,Research & Development,16,4,Medical,1,319,4,Male,81,2,2,Healthcare Representative,3,Married,6338,18184,2,Y,Yes,18,4,1,80,3,11,6,2,11,9,5,9,₹4K–₹7K,10+ years,36–45
48,No,Travel_Rarely,785,Research & Development,7,3,Technical Degree,1,320,2,Female,45,4,5,Research Director,4,Single,11976,9178,3,Y,No,21,3,1,80,2,18,1,4,13,7,3,7,₹7K–₹12K,10+ years,46–60
23,No,Travel_Frequently,1182,Research & Development,3,4,Life Sciences,1,321,3,Female,73,3,2,Healthcare Representative,2,Married,5986,11168,1,Y,No,22,3,1,80,1,5,2,2,0,0,0,0,₹4K–₹7K,<2 years,18–25
42,No,Travel_Rarely,658,Research & Development,23,4,Life Sciences,1,322,4,Male,53,2,1,Healthcare Representative,3,Married,4541,12030,3,Y,No,19,3,4,80,1,15,2,2,13,8,8,4,₹4K–₹7K,10+ years,36–45
33,No,Travel_Rarely,240,Research & Development,9,5,Life Sciences,1,323,3,Male,31,3,3,Manufacturing Director,2,Married,8396,16209,5,Y,No,20,3,4,80,0,6,0,3,0,0,0,0,₹7K–₹12K,<2 years,26–35
38,No,Non-Travel,690,Research & Development,14,2,Technical Degree,1,324,2,Female,90,4,3,Research Scientist,1,Single,8800,3446,3,Y,No,20,3,2,80,0,16,5,3,9,4,6,4,₹7K–₹12K,6–10 years,36–45
44,No,Travel_Rarely,517,Research & Development,9,4,Marketing,1,325,4,Male,87,1,1,Research Scientist,1,Divorced,5240,9377,2,Y,No,16,3,2,80,0,13,1,2,13,6,5,0,₹4K–₹7K,10+ years,36–45
35,Yes,Travel_Rarely,423,Research & Development,4,4,Life Sciences,1,326,4,Male,70,4,1,Manufacturing Director,3,Divorced,4733,22403,3,Y,Yes,24,3,4,80,1,9,2,3,3,0,0,0,₹4K–₹7K,2–3 years,26–35
24,No,Non-Travel,815,Sales,16,4,Life Sciences,1,327,4,Female,82,3,2,Sales Executive,3,Married,6177,7884,0,Y,No,15,3,4,80,3,4,3,1,0,0,0,0,₹4K–₹7K,<2 years,18–25
49,No,Travel_Rarely,1196,Research & Development,10,2,Medical,1,328,1,Female,82,1,3,Research Director,3,Married,10317,16097,1,Y,Yes,25,3,1,80,3,31,1,1,23,13,5,5,₹7K–₹12K,10+ years,46–60
40,No,Non-Travel,1331,Research & Development,12,5,Medical,1,329,2,Male,85,4,1,Research Scientist,2,Married,5000,7208,4,Y,Yes,15,3,3,80,3,5,0,3,5,5,0,4,₹4K–₹7K,4–5 years,36–45
37,No,Travel_Rarely,477,Research & Development,10,1,Life Sciences,1,330,4,Female,37,3,1,Laboratory Technician,1,Divorced,5215,2204,1,Y,Yes,18,3,3,80,0,10,2,3,0,0,0,0,₹4K–₹7K,<2 years,36–45
42,No,Travel_Rarely,947,Research & Development,23,2,Medical,1,331,2,Male,51,4,3,Healthcare Representative,1,Divorced,8009,10050,0,Y,No,17,4,2,80,2,16,4,2,9,3,2,2,₹7K–₹12K,6–10 years,36–45
27,No,Travel_Rarely,1020,Research & Development,8,4,Technical Degree,1,332,2,Male,62,4,3,Research Scientist,4,Divorced,7829,12386,2,Y,No,17,3,3,80,0,6,0,4,1,0,1,0,₹7K–₹12K,<2 years,26–35
41,No,Non-Travel,644,Research & Development,11,5,Life Sciences,1,333,2,Male,53,2,2,Healthcare Representative,4,Married,5630,25907,4,Y,Yes,16,3,1,80,2,17,4,2,11,7,3,4,₹4K–₹7K,10+ years,36–45
37,No,Travel_Rarely,1281,Research & Development,12,3,Medical,1,334,2,Male,57,4,5,Research Director,3,Married,12304,25564,4,Y,Yes,18,3,2,80,1,6,2,3,1,1,0,1,₹12K+,<2 years,36–45
40,Yes,Travel_Rarely,696,Sales,6,1,Marketing,1,335,3,Male,33,2,1,Sales Representative,1,Divorced,4252,9967,5,Y,No,19,3,1,80,2,15,3,2,14,12,4,7,₹4K–₹7K,10+ years,36–45
37,Yes,Travel_Rarely,274,Sales,4,2,Technical Degree,1,336,3,Male,35,1,2,Sales Executive,4,Married,7632,17350,4,Y,Yes,18,3,3,80,3,11,6,3,11,9,4,5,₹7K–₹12K,10+ years,36–45
37,No,Travel_Rarely,1157,Research & Development,8,1,Life Sciences,1,337,4,Male,74,1,3,Manufacturing Director,4,Divorced,7232,24234,1,Y,No,12,4,4,80,3,14,1,1,14,6,4,6,₹7K–₹12K,10+ years,36–45
44,No,Non-Travel,885,Research & Development,20,1,Medical,1,338,2,Male,92,3,4,Research Director,1,Married,11042,16118,3,Y,No,18,3,4,80,1,19,2,2,10,6,4,4,₹7K–₹12K,6–10 years,36–45
45,No,Travel_Rarely,146,Research & Development,7,3,Life Sciences,1,339,3,Female,58,3,3,Manufacturing Director,1,Married,8653,26457,3,Y,No,11,3,1,80,1,19,2,1,11,7,2,0,₹7K–₹12K,10+ years,36–45
50,No,Travel_Rarely,447,Research & Development,5,5,Technical Degree,1,340,4,Male,64,3,3,Manufacturing Director,3,Divorced,8931,21574,1,Y,Yes,23,4,2,80,3,13,6,1,10,5,5,5,₹7K–₹12K,6–10 years,46–60
28,No,Travel_Rarely,336,Research & Development,29,3,Life Sciences,1,341,3,Female,45,3,5,Manufacturing Director,1,Divorced,10762,24146,3,Y,Yes,20,3,3,80,1,9,1,2,9,5,4,4,₹7K–₹12K,6–10 years,26–35
21,No,Travel_Rarely,1486,Research & Development,7,4,Life Sciences,1,342,1,Male,64,3,1,Research Scientist,4,Single,2014,22657,1,Y,No,15,4,2,80,1,0,0,2,0,0,0,0,<₹4K,<2 years,18–25
39,No,Travel_Rarely,1142,Research & Development,7,4,Medical,1,343,3,Male,30,3,1,Laboratory Technician,4,Married,4133,8036,2,Y,No,17,3,2,80,2,10,2,3,2,1,2,0,₹4K–₹7K,2–3 years,36–45
51,No,Travel_Rarely,1126,Sales,11,2,Medical,1,344,3,Male,53,2,3,Sales Representative,4,Single,9381,21678,2,Y,No,18,3,2,80,0,16,4,4,5,3,1,3,₹7K–₹12K,4–5 years,46–60
34,No,Travel_Frequently,1062,Sales,29,1,Life Sciences,1,345,3,Female,51,1,1,Sales Executive,3,Married,6684,26552,1,Y,Yes,22,3,2,80,0,1,3,3,0,0,0,0,₹4K–₹7K,<2 years,26–35
28,No,Travel_Rarely,1027,Research & Development,3,3,Life Sciences,1,346,4,Male,57,3,5,Research Scientist,2,Married,10325,14871,5,Y,Yes,25,3,2,80,3,8,5,1,5,5,3,2,₹7K–₹12K,4–5 years,26–35
47,No,Travel_Rarely,904,Research & Development,3,2,Life Sciences,1,347,3,Male,78,3,4,Manufacturing Director,3,Divorced,10897,21783,0,Y,No,13,3,3,80,1,17,4,1,17,6,2,6,₹7K–₹12K,10+ years,46–60
38,No,Travel_Rarely,112,Research & Development,13,5,Medical,1,348,1,Male,43,3,4,Manager,2,Single,11093,22039,1,Y,Yes,20,3,4,80,1,6,0,3,5,2,3,1,₹7K–₹12K,4–5 years,36–45
33,Yes,Travel_Rarely,682,Research & Development,9,3,Life Sciences,1,349,3,Male,61,4,2,Healthcare Representative,4,Married,5728,5332,2,Y,No,23,4,4,80,0,10,2,3,9,3,3,1,₹4K–₹7K,6–10 years,26–35
48,No,Travel_Rarely,970,Research & Development,9,5,Marketing,1,350,4,Male,79,3,3,Manager,3,Single,8459,20544,1,Y,Yes,17,3,3,80,0,19,1,2,13,6,4,6,₹7K–₹12K,10+ years,46–60
40,No,Travel_Frequently,854,Research & Development,10,1,Life Sciences,1,351,4,Male,81,3,5,Manager,1,Divorced,13354,4985,2,Y,No,18,3,3,80,0,9,5,3,6,3,0,2,₹12K+,6–10 years,36–45
53,Yes,Travel_Rarely,178,Sales,13,1,Life Sciences,1,352,2,Male,48,2,3,Sales Executive,3,Married,8216,12535,3,Y,No,17,3,2,80,0,17,3,3,12,7,2,3,₹7K–₹12K,10+ years,46–60
28,No,Travel_Rarely,1226,Sales,8,1,Life Sciences,1,353,2,Female,54,4,2,Sales Executive,3,Married,5602,7566,1,Y,No,12,3,1,80,3,5,2,4,5,0,2,0,₹4K–₹7K,4–5 years,26–35
35,No,Travel_Rarely,1383,Research & Development,4,2,Medical,1,354,4,Male,99,4,1,Research Scientist,4,Married,4437,5075,1,Y,Yes,22,4,1,80,0,9,6,2,9,5,3,5,₹4K–₹7K,6–10 years,26–35
38,No,Travel_Frequently,1054,Sales,29,1,Marketing,1,355,1,Male,77,1,2,Sales Representative,2,Married,6420,14903,3,Y,No,13,3,3,80,3,10,0,1,6,1,2,1,₹4K–₹7K,6–10 years,36–45
48,No,Travel_Rarely,1490,Research & Development,11,4,Other,1,356,4,Female,36,1,3,Research Director,1,Single,8637,14503,4,Y,No,19,4,2,80,0,17,3,4,16,6,5,3,₹7K–₹12K,10+ years,46–60
41,No,Travel_Rarely,1031,Sales,19,4,Life Sciences,1,357,3,Male,50,1,5,Manager,3,Single,13119,10395,1,Y,No,19,3,3,80,1,17,6,2,14,8,3,7,₹12K+,10+ years,36–45
42,No,Travel_Rarely,849,Research & Development,5,1,Technical Degree,1,358,4,Male,60,3,3,Manager,2,Single,9094,24533,3,Y,No,23,3,2,80,0,13,0,3,13,8,5,6,₹7K–₹12K,10+ years,36–45
45,No,Travel_Rarely,301,Research & Development,29,3,Medical,1,359,1,Female,96,3,4,Research Scientist,1,Single,10524,21954,3,Y,No,12,3,3,80,2,16,5,3,8,2,3,2,₹7K–₹12K,6–10 years,36–45
51,No,Travel_Rarely,535,Research & Development,5,2,Marketing,1,360,1,Male,82,1,1,Research Scientist,2,Divorced,5565,11839,2,Y,No,19,3,2,80,3,19,3,4,13,3,6,3,₹4K–₹7K,10+ years,46–60
45,No,Travel_Rarely,571,Sales,19,5,Life Sciences,1,361,1,Male,46,1,5,Manager,1,Married,13448,17601,1,Y,No,19,3,2,80,2,14,4,1,6,6,0,4,₹12K+,6–10 years,36–45
28,No,Travel_Rarely,1120,Research & Development,5,2,Marketing,1,362,1,Male,39,2,3,Research Scientist,4,Married,9390,13728,1,Y,No,17,3,3,80,1,3,5,4,3,0,1,0,₹7K–₹12K,2–3 years,26–35
44,No,Travel_Rarely,681,Sales,19,2,Medical,1,363,4,Male,70,1,2,Manager,2,Divorced,7668,6098,4,Y,Yes,25,3,3,80,0,20,3,4,10,8,4,5,₹7K–₹12K,6–10 years,36–45
43,No,Travel_Rarely,456,Sales,20,3,Life Sciences,1,364,1,Female,63,4,3,Sales Executive,3,Married,9918,19651,6,Y,No,20,3,1,80,3,11,4,1,7,4,3,2,₹7K–₹12K,6–10 years,36–45
41,Yes,Travel_Rarely,822,Research & Development,12,4,Medical,1,365,2,Male,67,1,3,Research Scientist,2,Married,9183,8665,2,Y,Yes,24,3,3,80,2,6,0,4,6,2,0,1,₹7K–₹12K,6–10 years,36–45
35,No,Travel_Rarely,464,Sales,16,2,Life Sciences,1,366,2,Male,96,3,5,Manager,3,Single,11975,7159,3,Y,No,23,3,3,80,1,10,0,1,6,3,2,0,₹7K–₹12K,6–10 years,26–35
45,No,Non-Travel,1121,Sales,5,3,Life Sciences,1,367,3,Male,49,3,2,Sales Executive,2,Single,6708,21237,6,Y,No,11,3,4,80,3,13,3,1,9,4,5,4,₹4K–₹7K,6–10 years,36–45
19,No,Non-Travel,997,Sales,8,1,Life Sciences,1,368,2,Male,72,2,3,Sales Representative,3,Married,5703,7603,2,Y,No,22,3,2,80,3,6,6,1,3,0,3,0,₹4K–₹7K,2–3 years,18–25
42,No,Travel_Rarely,731,Sales,12,5,Life Sciences,1,369,4,Male,75,2,3,Sales Executive,3,Single,9585,12611,0,Y,Yes,18,3,1,80,2,12,5,4,11,7,3,7,₹7K–₹12K,10+ years,36–45
18,No,Travel_Frequently,1176,Research & Development,11,3,Technical Degree,1,370,3,Female,87,4,3,Healthcare Representative,1,Married,7113,20402,1,Y,Yes,17,3,1,80,3,2,0,4,2,0,2,0,₹7K–₹12K,2–3 years,18–25
53,No,Travel_Rarely,874,Research & Development,26,3,Medical,1,371,1,Male,38,4,3,Laboratory Technician,2,Married,10251,7654,0,Y,No,20,3,4,80,2,23,2,1,17,4,2,0,₹7K–₹12K,10+ years,46–60
18,No,Travel_Rarely,657,Research & Development,15,2,Life Sciences,1,372,4,Female,77,2,4,Manufacturing Director,2,Single,9759,4725,3,Y,No,16,4,3,80,2,0,2,2,0,0,0,0,₹7K–₹12K,<2 years,18–25
42,No,Travel_Rarely,273,Research & Development,9,1,Life Sciences,1,373,2,Female,57,3,3,Healthcare Representative,1,Married,6848,5178,2,Y,Yes,18,4,1,80,1,23,1,3,18,6,2,5,₹4K–₹7K,10+ years,36–45
43,No,Travel_Rarely,1447,Sales,8,1,Marketing,1,374,1,Male,64,1,3,Sales Representative,4,Single,9248,10365,2,Y,No,23,3,4,80,3,5,3,2,0,0,0,0,₹7K–₹12K,<2 years,36–45
52,No,Travel_Frequently,1427,Research & Development,4,5,Medical,1,375,2,Male,41,3,3,Manager,2,Single,10229,14300,1,Y,Yes,23,3,4,80,0,20,3,3,9,8,1,6,₹7K–₹12K,6–10 years,46–60
26,No,Travel_Frequently,537,Research & Development,11,4,Life Sciences,1,376,1,Male,39,4,2,Laboratory Technician,2,Divorced,7506,22371,4,Y,No,16,3,4,80,1,7,5,2,2,2,0,1,₹7K–₹12K,2–3 years,26–35
32,No,Travel_Rarely,787,Research & Development,22,4,Medical,1,377,2,Male,77,3,1,Laboratory Technician,1,Married,3767,19453,1,Y,Yes,25,3,3,80,0,13,5,1,13,5,6,4,<₹4K,10+ years,26–35
47,No,Travel_Frequently,706,Research & Development,3,1,Technical Degree,1,378,2,Male,34,1,4,Laboratory Technician,3,Married,9519,19812,2,Y,No,23,3,3,80,2,15,3,1,15,10,5,7,₹7K–₹12K,10+ years,46–60
35,No,Travel_Frequently,1109,Research & Development,23,2,Life Sciences,1,379,2,Female,34,3,3,Research Director,2,Married,8528,17578,4,Y,No,17,3,1,80,3,9,0,1,1,1,1,1,₹7K–₹12K,<2 years,26–35
45,No,Travel_Rarely,555,Research & Development,16,3,Life Sciences,1,380,1,Female,33,4,2,Research Scientist,1,Married,7807,16558,0,Y,Yes,14,3,4,80,2,15,2,2,9,8,3,6,₹7K–₹12K,6–10 years,36–45
38,No,Travel_Rarely,768,Research & Development,4,5,Life Sciences,1,381,4,Female,81,2,5,Manager,1,Married,14607,26356,3,Y,No,19,4,3,80,3,14,2,4,14,10,6,6,₹12K+,10+ years,36–45
29,No,Non-Travel,756,Research & Development,21,5,Medical,1,382,2,Male,78,2,3,Manufacturing Director,4,Divorced,6956,9983,4,Y,No,22,3,1,80,0,5,0,2,0,0,0,0,₹4K–₹7K,<2 years,26–35
32,Yes,Travel_Rarely,950,Research & Development,18,5,Medical,1,383,1,Male,87,3,5,Research Director,3,Married,11099,3125,3,Y,No,15,3,4,80,1,9,0,1,4,4,2,0,₹7K–₹12K,4–5 years,26–35
42,Yes,Travel_Rarely,707,Sales,6,1,Life Sciences,1,384,4,Male,74,4,4,Manager,1,Single,9872,26388,2,Y,No,11,4,2,80,0,14,2,4,14,4,4,1,₹7K–₹12K,10+ years,36–45
38,No,Travel_Rarely,369,Sales,16,4,Life Sciences,1,385,2,Female,89,3,5,Sales Representative,3,Divorced,10507,25690,2,Y,No,17,3,4,80,0,19,6,4,10,2,6,0,₹7K–₹12K,6–10 years,36–45
23,No,Travel_Rarely,1447,Research & Development,10,2,Life Sciences,1,386,3,Female,57,1,3,Research Scientist,2,Married,7055,26350,1,Y,Yes,17,3,4,80,1,3,1,4,3,1,2,1,₹7K–₹12K,2–3 years,18–25
46,No,Travel_Frequently,809,Research & Development,6,1,Life Sciences,1,387,3,Female,86,1,3,Manufacturing Director,2,Married,8111,15798,2,Y,No,19,3,4,80,2,13,5,3,9,2,3,1,₹7K–₹12K,6–10 years,46–60
38,No,Non-Travel,766,Sales,7,5,Medical,1,388,4,Male,40,3,1,Sales Executive,3,Married,6144,12899,0,Y,Yes,13,3,4,80,2,22,5,2,14,3,3,1,₹4K–₹7K,10+ years,36–45
37,No,Travel_Rarely,613,Research & Development,11,1,Medical,1,389,3,Male,74,3,1,Laboratory Technician,4,Divorced,5449,4322,2,Y,No,12,3,4,80,0,10,2,1,7,6,0,6,₹4K–₹7K,6–10 years,36–45
51,No,Travel_Rarely,317,Research & Development,25,2,Marketing,1,390,2,Male,69,1,5,Research Director,3,Married,13499,23060,1,Y,Yes,14,3,3,80,2,23,3,3,21,9,5,7,₹12K+,10+ years,46–60
48,No,Travel_Frequently,570,Research & Development,29,3,Marketing,1,391,3,Female,71,1,3,Laboratory Technician,2,Single,7895,3518,2,Y,No,21,3,2,80,3,10,1,4,9,5,3,5,₹7K–₹12K,6–10 years,46–60
33,No,Travel_Frequently,419,Research & Development,1,4,Medical,1,392,4,Male,73,3,5,Manager,2,Married,11540,2429,1,Y,No,13,3,4,80,2,4,6,4,4,3,4,2,₹7K–₹12K,4–5 years,26–35
35,Yes,Travel_Rarely,236,Research & Development,17,4,Life Sciences,1,393,1,Male,91,2,1,Healthcare Representative,2,Single,4552,12151,5,Y,Yes,21,3,1,80,0,9,2,3,3,3,1,3,₹4K–₹7K,2–3 years,26–35
46,No,Travel_Rarely,310,Sales,5,5,Marketing,1,394,1,Female,68,3,4,Sales Representative,3,Divorced,10143,2623,4,Y,No,12,4,4,80,0,15,1,2,8,4,3,4,₹7K–₹12K,6–10 years,46–60
19,No,Travel_Frequently,386,Research & Development,2,1,Medical,1,395,2,Male,46,2,3,Healthcare Representative,4,Married,5367,23846,0,Y,Yes,14,3,2,80,3,0,2,2,0,0,0,0,₹4K–₹7K,<2 years,18–25
32,No,Travel_Rarely,540,Sales,21,5,Technical Degree,1,396,3,Male,45,2,3,Manager,1,Married,8334,10334,0,Y,No,12,4,2,80,1,2,4,1,2,2,0,0,₹7K–₹12K,2–3 years,26–35
44,No,Travel_Rarely,681,Research & Development,13,2,Medical,1,397,2,Male,46,3,4,Research Director,4,Single,8742,17642,3,Y,No,18,3,4,80,3,16,1,1,12,2,5,2,₹7K–₹12K,10+ years,36–45
34,Yes,Travel_Rarely,394,Sales,6,1,Life Sciences,1,398,4,Male,90,1,3,Sales Executive,1,Married,8449,5791,4,Y,No,18,3,3,80,2,11,1,4,1,0,1,0,₹7K–₹12K,<2 years,26–35
33,No,Travel_Frequently,662,Sales,11,3,Life Sciences,1,399,2,Male,88,3,1,Sales Executive,4,Married,4886,8318,2,Y,No,13,4,3,80,3,10,3,2,10,7,6,2,₹4K–₹7K,6–10 years,26–35
34,No,Travel_Rarely,257,Research & Development,14,4,Life Sciences,1,400,1,Male,87,3,1,Research Scientist,4,Divorced,4673,13124,4,Y,No,13,3,4,80,3,13,6,3,9,3,3,3,₹4K–₹7K,6–10 years,26–35
52,No,Travel_Frequently,1083,Research & Development,5,3,Medical,1,401,1,Male,71,3,4,Manager,3,Divorced,10652,17135,4,Y,Yes,17,3,2,80,1,15,3,4,13,7,6,4,₹7K–₹12K,10+ years,46–60
32,No,Travel_Rarely,151,Human Resources,12,3,Medical,1,402,4,Male,97,3,3,Human Resources,3,Divorced,6903,9275,2,Y,Yes,25,3,1,80,3,4,5,2,4,0,1,0,₹4K–₹7K,4–5 years,26–35
40,No,Travel_Frequently,164,Research & Development,11,2,Medical,1,403,3,Female,72,3,5,Manufacturing Director,3,Married,10759,15962,5,Y,No,11,3,2,80,3,9,2,1,4,4,4,3,₹7K–₹12K,4–5 years,36–45
32,No,Non-Travel,860,Research & Development,24,2,Life Sciences,1,404,4,Female,59,3,4,Manufacturing Director,3,Divorced,9325,13345,3,Y,No,12,3,4,80,0,2,4,4,2,1,0,1,₹7K–₹12K,2–3 years,26–35
31,Yes,Non-Travel,705,Research & Development,17,4,Life Sciences,1,405,4,Male,44,3,3,Manufacturing Director,1,Married,7168,4322,1,Y,Yes,13,3,1,80,2,12,6,4,10,8,1,7,₹7K–₹12K,6–10 years,26–35
42,No,Travel_Rarely,1462,Research & Development,13,1,Life Sciences,1,406,2,Male,64,3,4,Manufacturing Director,2,Married,9991,21625,7,Y,No,25,3,3,80,0,11,5,1,11,9,4,6,₹7K–₹12K,10+ years,36–45
43,No,Travel_Rarely,896,Research & Development,8,3,Medical,1,407,4,Male,69,1,5,Research Scientist,2,Single,10807,18566,2,Y,Yes,17,3,2,80,0,12,4,4,5,5,5,4,₹7K–₹12K,4–5 years,36–45
18,Yes,Travel_Frequently,336,Research & Development,7,5,Medical,1,408,3,Female,32,4,3,Research Scientist,3,Single,6917,9165,4,Y,No,20,3,4,80,1,0,0,3,0,0,0,0,₹4K–₹7K,<2 years,18–25
30,No,Non-Travel,673,Research & Development,7,2,Technical Degree,1,409,2,Male,98,1,3,Manager,2,Married,7147,7735,0,Y,Yes,19,4,2,80,2,9,6,1,8,5,0,5,₹7K–₹12K,6–10 years,26–35
44,Yes,Non-Travel,1200,Sales,29,3,Marketing,1,410,2,Male,78,1,3,Sales Executive,2,Single,9641,22204,3,Y,Yes,24,3,4,80,3,15,4,3,0,0,0,0,₹7K–₹12K,<2 years,36–45
34,No,Travel_Rarely,192,Sales,8,5,Marketing,1,411,2,Female,33,2,3,Sales Executive,3,Married,8485,22536,2,Y,No,11,3,2,80,1,17,0,4,14,10,5,9,₹7K–₹12K,10+ years,26–35
41,No,Travel_Rarely,1029,Research & Development,2,2,Medical,1,412,4,Female,64,2,4,Manufacturing Director,2,Single,10172,23990,1,Y,Yes,16,4,3,80,1,15,1,2,2,2,0,0,₹7K–₹12K,2–3 years,36–45
33,No,Travel_Rarely,159,Research & Development,15,5,Medical,1,413,3,Male,76,4,3,Research Director,3,Single,10215,2067,2,Y,No,24,3,2,80,2,10,5,2,4,0,0,0,₹7K–₹12K,4–5 years,26–35
53,No,Travel_Frequently,1454,Research & Development,15,2,Marketing,1,414,1,Female,48,4,4,Healthcare Representative,4,Single,11188,16674,0,Y,Yes,13,3,2,80,0,17,5,3,14,3,5,3,₹7K–₹12K,10+ years,46–60
42,No,Travel_Rarely,1090,Sales,5,3,Life Sciences,1,415,4,Female,86,2,3,Manager,2,Married,8389,12273,0,Y,No,13,3,1,80,2,14,0,4,1,1,1,1,₹7K–₹12K,<2 years,36–45
36,Yes,Travel_Rarely,812,Sales,14,1,Marketing,1,416,2,Male,91,2,3,Manager,1,Married,11027,26205,2,Y,Yes,20,3,3,80,1,7,1,2,7,3,0,0,₹7K–₹12K,6–10 years,36–45
37,No,Travel_Rarely,215,Research & Development,8,2,Technical Degree,1,417,4,Female,48,4,1,Research Scientist,1,Married,2809,7107,3,Y,No,19,3,2,80,3,10,5,3,10,0,0,0,<₹4K,6–10 years,36–45
41,No,Travel_Rarely,680,Research & Development,17,5,Life Sciences,1,418,1,Male,63,3,4,Manufacturing Director,4,Married,9264,10545,3,Y,No,16,3,2,80,1,11,5,4,10,4,0,4,₹7K–₹12K,6–10 years,36–45
33,No,Travel_Rarely,1079,Research & Development,6,3,Life Sciences,1,419,2,Male,85,4,3,Healthcare Representative,1,Married,7860,4997,3,Y,Yes,16,3,2,80,0,8,6,4,0,0,0,0,₹7K–₹12K,<2 years,26–35
51,Yes,Travel_Rarely,510,Research & Development,28,4,Medical,1,420,4,Male,34,3,2,Healthcare Representative,4,Single,8680,23507,2,Y,Yes,23,3,2,80,3,26,1,3,21,13,7,8,₹7K–₹12K,10+ years,46–60
45,No,Travel_Frequently,1244,Research & Development,3,4,Life Sciences,1,421,4,Male,81,4,2,Research Director,4,Divorced,6504,21162,4,Y,Yes,16,3,4,80,3,19,2,3,11,4,3,2,₹4K–₹7K,10+ years,36–45
34,Yes,Travel_Frequently,1440,Sales,1,3,Marketing,1,422,2,Male,94,3,3,Manager,2,Divorced,7491,10454,3,Y,No,11,3,1,80,3,12,2,3,12,7,4,5,₹7K–₹12K,10+ years,26–35
33,No,Travel_Frequently,815,Research & Development,3,2,Life Sciences,1,423,4,Male,41,1,3,Laboratory Technician,4,Married,5345,18261,2,Y,No,20,3,1,80,0,7,5,4,6,5,2,3,₹4K–₹7K,6–10 years,26–35
43,No,Travel_Rarely,942,Research & Development,4,3,Life Sciences,1,424,1,Female,43,2,5,Research Director,1,Single,11817,20972,2,Y,Yes,14,3,2,80,3,18,0,2,14,3,9,1,₹7K–₹12K,10+ years,36–45
43,Yes,Travel_Rarely,115,Sales,19,3,Medical,1,425,4,Male,55,3,4,Manager,3,Single,8707,18742,3,Y,No,17,3,3,80,3,9,2,3,8,8,4,7,₹7K–₹12K,6–10 years,36–45
41,No,Travel_Rarely,992,Research & Development,4,2,Life Sciences,1,426,4,Female,99,2,1,Research Scientist,1,Single,5646,10170,4,Y,Yes,18,3,2,80,0,13,2,3,11,2,3,2,₹4K–₹7K,10+ years,36–45
18,Yes,Travel_Rarely,1077,Sales,21,5,Medical,1,427,3,Male,59,1,4,Sales Representative,4,Single,8575,5097,0,Y,Yes,22,3,4,80,1,0,0,2,0,0,0,0,₹7K–₹12K,<2 years,18–25
29,No,Travel_Rarely,1141,Research & Development,21,4,Life Sciences,1,428,2,Female,98,2,5,Research Director,2,Married,12862,7693,4,Y,No,17,3,4,80,1,9,2,4,9,5,2,0,₹12K+,6–10 years,26–35
33,No,Non-Travel,256,Research & Development,15,2,Life Sciences,1,429,2,Male,63,3,4,Manager,3,Married,9463,15720,2,Y,Yes,14,4,3,80,1,7,0,2,5,4,4,0,₹7K–₹12K,4–5 years,26–35
45,No,Travel_Frequently,266,Research & Development,5,5,Medical,1,430,1,Female,39,4,4,Manager,1,Single,11073,7759,3,Y,No,14,3,2,80,1,15,0,1,11,3,5,1,₹7K–₹12K,10+ years,36–45
34,No,Travel_Rarely,857,Human Resources,4,3,Medical,1,431,3,Male,37,2,5,Human Resources,2,Married,11990,3143,4,Y,No,23,3,1,80,1,13,2,4,10,9,2,9,₹7K–₹12K,6–10 years,26–35
46,No,Travel_Rarely,958,Research & Development,6,5,Medical,1,432,3,Male,67,1,4,Manager,1,Single,10235,2823,3,Y,No,18,3,4,80,3,16,3,1,8,4,3,3,₹7K–₹12K,6–10 years,46–60
40,No,Travel_Rarely,858,Research & Development,9,1,Life Sciences,1,433,3,Female,75,2,2,Research Scientist,1,Married,5875,16745,3,Y,No,16,3,1,80,3,13,6,3,4,1,1,0,₹4K–₹7K,4–5 years,36–45
40,No,Travel_Frequently,992,Sales,13,5,Medical,1,434,2,Male,60,3,4,Sales Representative,1,Married,10830,9241,1,Y,Yes,21,3,4,80,2,15,2,3,15,8,0,1,₹7K–₹12K,10+ years,36–45
34,No,Travel_Frequently,359,Research & Development,6,3,Medical,1,435,3,Female,91,3,5,Research Director,1,Married,11645,14194,2,Y,No,16,3,4,80,1,11,0,2,7,3,3,0,₹7K–₹12K,6–10 years,26–35
29,No,Travel_Frequently,1038,Human Resources,6,1,Technical Degree,1,436,1,Female,81,4,5,Manager,4,Single,11003,20494,1,Y,No,20,3,3,80,0,10,5,3,5,0,3,0,₹7K–₹12K,4–5 years,26–35
39,No,Travel_Rarely,897,Research & Development,13,1,Medical,1,437,3,Male,70,1,1,Laboratory Technician,3,Single,4408,4508,1,Y,Yes,17,3,3,80,0,12,0,1,3,0,3,0,₹4K–₹7K,2–3 years,36–45
43,No,Travel_Rarely,875,Research & Development,10,1,Medical,1,438,4,Female,67,1,5,Manufacturing Director,3,Married,12440,11468,5,Y,No,19,3,4,80,2,19,6,2,9,5,2,1,₹12K+,6–10 years,36–45
44,No,Travel_Rarely,1142,Research & Development,13,4,Technical Degree,1,439,2,Male,59,2,3,Research Scientist,2,Married,8598,20206,3,Y,No,12,3,1,80,1,24,4,3,18,14,5,10,₹7K–₹12K,10+ years,36–45
41,No,Travel_Rarely,424,Sales,17,1,Technical Degree,1,440,2,Female,86,3,2,Sales Representative,2,Married,5494,18723,2,Y,No,22,3,3,80,1,13,5,2,12,3,2,3,₹4K–₹7K,10+ years,36–45
48,No,Travel_Rarely,503,Research & Development,15,1,Medical,1,441,2,Male,54,4,3,Research Director,2,Single,9266,16281,0,Y,Yes,11,3,2,80,3,12,1,4,7,3,2,3,₹7K–₹12K,6–10 years,46–60
20,No,Travel_Rarely,311,Human Resources,20,3,Life Sciences,1,442,3,Male,59,2,4,Human Resources,1,Married,9163,14671,1,Y,No,23,3,4,80,1,3,0,2,3,2,3,1,₹7K–₹12K,2–3 years,18–25
31,No,Travel_Rarely,606,Human Resources,22,2,Life Sciences,1,443,1,Male,42,1,4,Manager,3,Divorced,10575,25727,2,Y,No,15,4,1,80,0,5,6,2,5,2,1,2,₹7K–₹12K,4–5 years,26–35
32,No,Non-Travel,673,Sales,7,5,Technical Degree,1,444,3,Male,33,2,4,Sales Executive,4,Single,9046,16060,3,Y,No,12,4,4,80,0,1,1,1,1,0,0,0,₹7K–₹12K,<2 years,26–35
41,No,Travel_Rarely,1332,Research & Development,3,1,Life Sciences,1,445,4,Male,89,1,3,Manager,4,Single,8210,2472,2,Y,Yes,17,3,3,80,2,11,1,2,3,0,2,0,₹7K–₹12K,2–3 years,36–45
39,No,Travel_Rarely,514,Sales,29,5,Life Sciences,1,446,1,Female,58,3,3,Sales Executive,2,Divorced,7691,14779,3,Y,No,22,3,3,80,3,14,5,2,11,2,4,2,₹7K–₹12K,10+ years,36–45
18,No,Travel_Rarely,1014,Research & Development,5,5,Marketing,1,447,4,Female,57,1,4,Research Scientist,3,Married,9662,23423,4,Y,No,21,3,1,80,3,0,6,1,0,0,0,0,₹7K–₹12K,<2 years,18–25
45,No,Travel_Rarely,801,Research & Development,13,4,Life Sciences,1,448,2,Male,79,1,5,Manager,3,Divorced,12550,3598,2,Y,No,18,3,3,80,3,13,5,1,6,0,5,0,₹12K+,6–10 years,36–45
50,No,Travel_Rarely,545,Sales,10,1,Marketing,1,449,1,Male,55,3,5,Manager,2,Single,13633,16236,4,Y,No,22,4,4,80,1,14,6,4,9,0,2,0,₹12K+,6–10 years,46–60
31,No,Travel_Rarely,917,Sales,16,5,Life Sciences,1,450,1,Female,41,3,3,Manager,1,Married,8412,18929,4,Y,No,12,3,1,80,2,4,0,4,4,0,0,0,₹7K–₹12K,4–5 years,26–35
45,No,Travel_Rarely,1311,Research & Development,5,3,Life Sciences,1,451,4,Male,67,3,4,Research Scientist,4,Married,11332,13074,1,Y,Yes,25,3,2,80,3,18,5,4,7,1,3,1,₹7K–₹12K,6–10 years,36–45
49,Yes,Travel_Rarely,188,Research & Development,24,3,Marketing,1,452,2,Male,65,1,4,Research Director,1,Single,10559,19071,1,Y,No,15,3,1,80,2,21,0,1,16,9,5,6,₹7K–₹12K,10+ years,46–60
50,No,Travel_Frequently,1309,Sales,17,5,Medical,1,453,2,Male,51,2,1,Sales Executive,3,Married,7551,18941,5,Y,No,12,3,3,80,0,20,0,4,9,3,2,0,₹7K–₹12K,6–10 years,46–60
46,No,Travel_Rarely,870,Research & Development,9,1,Marketing,1,454,1,Female,86,1,3,Manager,4,Single,8698,8250,1,Y,No,19,3,2,80,0,13,0,3,13,6,4,2,₹7K–₹12K,10+ years,46–60
33,No,Travel_Rarely,107,Research & Development,15,5,Life Sciences,1,455,3,Female,84,3,3,Manufacturing Director,2,Married,6719,18354,3,Y,Yes,19,4,1,80,0,2,5,2,2,0,2,0,₹4K–₹7K,2–3 years,26–35
24,Yes,Travel_Rarely,254,Research & Development,12,2,Life Sciences,1,456,4,Male,59,1,3,Healthcare Representative,2,Single,6914,3531,3,Y,No,16,3,2,80,3,9,0,4,9,1,5,0,₹4K–₹7K,6–10 years,18–25
36,No,Travel_Rarely,580,Research & Development,9,5,Medical,1,457,1,Female,45,2,1,Research Scientist,1,Married,4353,19398,3,Y,No,17,3,4,80,3,7,5,1,5,5,1,5,₹4K–₹7K,4–5 years,36–45
34,No,Travel_Rarely,1139,Sales,15,4,Medical,1,458,3,Male,74,2,3,Sales Representative,2,Married,7603,23001,3,Y,No,16,3,1,80,3,14,4,4,11,2,4,0,₹7K–₹12K,10+ years,26–35
49,No,Travel_Rarely,768,Research & Development,10,5,Life Sciences,1,459,4,Male,42,2,4,Research Scientist,2,Married,10744,5631,2,Y,No,18,3,3,80,2,12,0,1,9,6,6,5,₹7K–₹12K,6–10 years,46–60
39,No,Travel_Rarely,1391,Research & Development,20,1,Medical,1,460,3,Female,36,2,5,Laboratory Technician,4,Married,12164,10111,4,Y,No,24,3,3,80,1,11,0,3,7,3,2,1,₹12K+,6–10 years,36–45
40,No,Travel_Rarely,1370,Research & Development,15,1,Technical Degree,1,461,4,Female,80,1,5,Manager,1,Divorced,13517,23083,3,Y,No,11,4,2,80,0,10,4,1,9,7,4,5,₹12K+,6–10 years,36–45
44,No,Travel_Rarely,682,Sales,22,3,Technical Degree,1,462,1,Male,87,2,3,Manager,3,Married,8321,22326,3,Y,Yes,15,3,1,80,1,18,4,1,9,6,2,6,₹7K–₹12K,6–10 years,36–45
44,No,Non-Travel,549,Research & Development,15,4,Medical,1,463,4,Male,78,2,2,Healthcare Representative,1,Married,8004,16901,2,Y,Yes,11,3,2,80,2,15,3,4,13,10,5,10,₹7K–₹12K,10+ years,36–45
47,No,Travel_Rarely,1159,Research & Development,9,3,Medical,1,464,2,Female,79,3,2,Research Director,1,Divorced,7070,19743,3,Y,No,11,3,4,80,3,28,6,4,18,8,5,5,₹7K–₹12K,10+ years,46–60
30,No,Travel_Rarely,512,Sales,6,5,Life Sciences,1,465,3,Male,75,3,1,Sales Executive,4,Married,5838,11354,5,Y,Yes,21,3,2,80,0,13,5,4,9,5,4,0,₹4K–₹7K,6–10 years,26–35
26,Yes,Travel_Rarely,707,Sales,20,3,Marketing,1,466,3,Male,69,2,4,Manager,2,Divorced,9190,8946,3,Y,Yes,19,3,3,80,3,5,6,4,2,2,1,0,₹7K–₹12K,2–3 years,26–35
60,No,Non-Travel,941,Sales,29,5,Medical,1,467,2,Male,94,2,2,Sales Representative,2,Single,8877,18012,1,Y,No,19,3,4,80,1,26,3,1,17,13,6,7,₹7K–₹12K,10+ years,46–60
42,No,Travel_Frequently,691,Research & Development,11,1,Life Sciences,1,468,2,Female,76,4,5,Research Director,2,Divorced,10844,16375,1,Y,Yes,20,4,1,80,3,11,5,4,11,8,5,6,₹7K–₹12K,10+ years,36–45
49,No,Travel_Rarely,990,Sales,10,1,Marketing,1,469,3,Male,84,2,5,Manager,4,Single,13518,10259,3,Y,No,19,3,3,80,3,18,4,4,12,3,4,1,₹12K+,10+ years,46–60
47,No,Travel_Frequently,1429,Sales,7,5,Marketing,1,470,3,Female,32,4,2,Sales Executive,3,Married,7093,18865,2,Y,Yes,24,3,1,80,0,14,1,3,11,5,5,3,₹7K–₹12K,10+ years,46–60
37,No,Travel_Rarely,531,Research & Development,15,1,Life Sciences,1,471,1,Male,65,4,4,Manager,2,Single,7473,22306,1,Y,No,18,3,1,80,2,5,1,1,2,2,2,0,₹7K–₹12K,2–3 years,36–45
44,No,Travel_Rarely,238,Research & Development,23,4,Life Sciences,1,472,2,Female,65,4,3,Laboratory Technician,1,Married,9040,15080,5,Y,No,14,3,4,80,3,13,5,2,13,7,5,7,₹7K–₹12K,10+ years,36–45
42,No,Travel_Rarely,418,Research & Development,22,4,Technical Degree,1,473,1,Female,79,3,4,Healthcare Representative,4,Single,9564,13138,3,Y,No,22,4,4,80,2,13,6,2,5,5,4,5,₹7K–₹12K,4–5 years,36–45
29,No,Travel_Rarely,598,Research & Development,14,5,Marketing,1,474,4,Female,99,2,4,Manager,3,Married,8806,23443,2,Y,No,13,3,4,80,1,5,4,3,5,2,3,2,₹7K–₹12K,4–5 years,26–35
53,No,Travel_Frequently,292,Sales,10,3,Marketing,1,475,1,Male,57,4,3,Sales Executive,2,Married,11460,10951,1,Y,No,14,3,1,80,2,20,3,3,18,13,5,10,₹7K–₹12K,10+ years,46–60
36,No,Non-Travel,364,Research & Development,20,4,Marketing,1,476,4,Female,50,3,5,Research Director,1,Married,11492,11736,1,Y,No,18,4,4,80,1,11,3,1,4,3,0,3,₹7K–₹12K,4–5 years,36–45
26,Yes,Travel_Frequently,991,Research & Development,13,1,Medical,1,477,2,Male,85,1,5,Research Director,3,Single,10368,12890,2,Y,No,20,3,3,80,0,0,3,3,0,0,0,0,₹7K–₹12K,<2 years,26–35
36,No,Travel_Frequently,799,Human Resources,13,5,Life Sciences,1,478,4,Female,36,3,5,Manager,3,Single,11141,19439,3,Y,No,25,3,3,80,0,6,4,1,6,3,0,3,₹7K–₹12K,6–10 years,36–45
26,Yes,Travel_Rarely,1042,Research & Development,5,3,Life Sciences,1,479,4,Female,33,1,1,Research Director,4,Single,2549,15538,4,Y,Yes,18,3,1,80,2,3,0,4,0,0,0,0,<₹4K,<2 years,26–35
42,No,Travel_Frequently,451,Research & Development,8,3,Marketing,1,480,3,Male,78,2,2,Research Scientist,2,Married,7593,24045,1,Y,No,19,3,3,80,1,15,6,3,4,2,3,2,₹7K–₹12K,4–5 years,36–45
35,Yes,Travel_Rarely,174,Research & Development,22,1,Technical Degree,1,481,3,Female,80,3,1,Research Scientist,3,Married,4884,23964,5,Y,Yes,20,3,4,80,2,7,0,1,4,3,2,3,₹4K–₹7K,4–5 years,26–35
34,No,Travel_Rarely,253,Research & Development,9,1,Marketing,1,482,1,Female,54,1,4,Manufacturing Director,2,Single,8456,3535,2,Y,No,18,3,2,80,1,0,4,4,0,0,0,0,₹7K–₹12K,<2 years,26–35
39,No,Travel_Rarely,922,Research & Development,9,1,Life Sciences,1,483,3,Male,74,3,3,Manager,3,Single,6874,21447,2,Y,Yes,24,3,2,80,0,9,5,3,8,8,5,8,₹4K–₹7K,6–10 years,36–45
44,No,Travel_Rarely,384,Research & Development,11,2,Medical,1,484,3,Female,81,2,1,Manager,2,Divorced,5928,15010,3,Y,No,14,3,2,80,0,15,6,3,14,12,3,8,₹4K–₹7K,10+ years,36–45
37,No,Travel_Rarely,590,Research & Development,9,2,Life Sciences,1,485,2,Male,94,1,5,Research Director,4,Married,11038,17946,2,Y,Yes,22,4,3,80,0,11,1,2,6,3,2,0,₹7K–₹12K,6–10 years,36–45
52,No,Non-Travel,1069,Research & Development,4,3,Technical Degree,1,486,4,Male,60,1,3,Laboratory Technician,4,Single,10384,14249,0,Y,No,12,3,1,80,2,17,5,3,8,7,3,3,₹7K–₹12K,6–10 years,46–60
38,Yes,Travel_Rarely,1370,Sales,20,1,Life Sciences,1,487,4,Male,68,1,3,Sales Representative,1,Married,8977,2699,2,Y,No,21,3,3,80,3,9,4,1,7,4,2,4,₹7K–₹12K,6–10 years,36–45
33,No,Travel_Frequently,177,Research & Development,8,2,Medical,1,488,4,Male,84,3,3,Manager,1,Divorced,6247,9355,0,Y,Yes,19,3,3,80,2,12,5,1,8,1,0,1,₹4K–₹7K,6–10 years,26–35
34,No,Travel_Rarely,1080,Research & Development,13,5,Medical,1,489,1,Male,66,4,3,Manager,1,Married,5527,17423,1,Y,Yes,16,4,4,80,2,7,0,2,2,0,0,0,₹4K–₹7K,2–3 years,26–35
37,Yes,Travel_Frequently,858,Sales,6,3,Life Sciences,1,490,1,Male,73,3,4,Manager,4,Married,10271,21440,3,Y,Yes,15,3,2,80,0,6,0,4,1,0,0,0,₹7K–₹12K,<2 years,36–45
34,No,Travel_Rarely,270,Research & Development,7,4,Medical,1,491,2,Male,96,2,5,Manager,3,Single,9629,3202,4,Y,No,25,3,3,80,0,9,4,4,8,6,6,4,₹7K–₹12K,6–10 years,26–35
31,No,Travel_Rarely,1312,Research & Development,12,2,Other,1,492,4,Female,61,1,5,Research Director,1,Divorced,10164,8865,1,Y,Yes,14,3,2,80,3,2,5,3,2,2,1,0,₹7K–₹12K,2–3 years,26–35
33,No,Non-Travel,1249,Research & Development,6,5,Life Sciences,1,493,1,Male,75,4,3,Manufacturing Director,3,Single,6902,14136,1,Y,No,21,3,2,80,2,7,4,2,0,0,0,0,₹4K–₹7K,<2 years,26–35
26,No,Travel_Rarely,204,Research & Development,9,1,Life Sciences,1,494,1,Male,31,1,5,Manager,3,Married,10888,15836,2,Y,No,24,3,4,80,0,7,2,2,4,2,1,0,₹7K–₹12K,4–5 years,26–35
44,No,Travel_Rarely,847,Research & Development,13,4,Life Sciences,1,495,2,Male,50,1,3,Manufacturing Director,1,Married,8094,20880,1,Y,Yes,18,3,2,80,2,10,6,1,10,7,3,3,₹7K–₹12K,6–10 years,36–45
40,Yes,Travel_Frequently,1440,Sales,19,2,Life Sciences,1,496,1,Male,61,2,2,Sales Executive,1,Married,6140,8696,1,Y,Yes,14,3,2,80,2,4,0,2,2,2,1,0,₹4K–₹7K,2–3 years,36–45
31,No,Travel_Rarely,569,Sales,25,3,Marketing,1,497,3,Male,37,3,3,Manager,4,Divorced,7292,4570,3,Y,No,16,4,2,80,0,7,2,4,3,2,2,2,₹7K–₹12K,2–3 years,26–35
31,No,Travel_Rarely,747,Research & Development,9,1,Technical Degree,1,498,1,Male,45,1,1,Laboratory Technician,2,Married,4856,23684,1,Y,No,25,3,1,80,0,10,0,1,1,0,1,0,₹4K–₹7K,<2 years,26–35
52,No,Travel_Rarely,403,Research & Development,20,1,Marketing,1,499,2,Male,97,2,5,Research Director,3,Single,14141,18120,4,Y,No,23,3,3,80,1,16,4,1,13,4,5,2,₹12K+,10+ years,46–60
46,No,Travel_Rarely,977,Sales,4,4,Marketing,1,500,1,Male,39,2,1,Sales Representative,1,Divorced,4623,25032,5,Y,No,11,3,2,80,2,21,6,1,9,2,2,2,₹4K–₹7K,6–10 years,46–60
28,No,Travel_Rarely,670,Sales,11,4,Marketing,1,501,1,Female,74,4,2,Sales Executive,4,Divorced,5440,22327,2,Y,No,16,4,2,80,1,12,2,4,12,3,2,3,₹4K–₹7K,10+ years,26–35
29,No,Non-Travel,1407,Sales,8,2,Medical,1,502,2,Male,32,2,3,Sales Representative,4,Married,7000,25901,0,Y,No,24,3,4,80,0,12,5,1,4,2,2,2,₹4K–₹7K,4–5 years,26–35
40,No,Travel_Rarely,893,Sales,8,5,Medical,1,503,3,Male,72,1,1,Sales Executive,2,Single,3917,19729,4,Y,Yes,17,3,1,80,0,8,5,3,1,0,1,0,<₹4K,<2 years,36–45
49,No,Travel_Rarely,994,Research & Development,21,5,Technical Degree,1,504,4,Female,54,3,1,Research Director,4,Single,5412,8503,2,Y,Yes,11,3,4,80,0,15,6,4,11,6,0,5,₹4K–₹7K,10+ years,46–60
30,No,Travel_Rarely,1464,Human Resources,8,5,Medical,1,505,3,Male,43,4,5,Manager,3,Married,11212,24233,3,Y,No,12,3,4,80,0,15,2,3,15,6,4,3,₹7K–₹12K,10+ years,26–35
20,No,Travel_Frequently,149,Research & Development,13,4,Medical,1,506,3,Male,85,3,4,Healthcare Representative,4,Married,7684,8368,0,Y,No,19,3,3,80,2,0,6,1,0,0,0,0,₹7K–₹12K,<2 years,18–25
47,No,Travel_Frequently,1062,Sales,7,3,Medical,1,507,3,Female,35,1,2,Sales Representative,1,Married,6689,4963,2,Y,Yes,23,3,3,80,1,21,0,3,13,7,1,6,₹4K–₹7K,10+ years,46–60
52,No,Travel_Rarely,382,Research & Development,11,4,Life Sciences,1,508,3,Male,52,2,5,Manufacturing Director,2,Divorced,12769,8835,2,Y,No,17,4,1,80,2,18,0,2,15,6,5,1,₹12K+,10+ years,46–60
47,No,Travel_Rarely,891,Sales,5,4,Marketing,1,509,3,Female,82,1,5,Manager,2,Divorced,12083,17971,1,Y,Yes,22,3,4,80,1,15,1,3,15,6,5,2,₹12K+,10+ years,46–60
34,No,Non-Travel,111,Research & Development,6,5,Life Sciences,1,510,3,Male,45,4,5,Research Director,2,Married,12382,23026,5,Y,No,13,3,1,80,3,12,4,3,10,4,3,4,₹12K+,6–10 years,26–35
47,No,Non-Travel,1280,Research & Development,9,4,Medical,1,511,1,Male,93,3,1,Research Scientist,1,Single,5575,12315,1,Y,No,12,3,1,80,3,21,1,2,13,5,4,2,₹4K–₹7K,10+ years,46–60
31,Yes,Travel_Frequently,1178,Research & Development,11,4,Marketing,1,512,2,Female,43,3,1,Research Scientist,4,Married,3905,3593,5,Y,No,17,3,3,80,1,8,6,3,0,0,0,0,<₹4K,<2 years,26–35
30,No,Travel_Rarely,1034,Sales,1,4,Marketing,1,513,4,Female,49,3,2,Sales Representative,1,Married,6225,25064,5,Y,Yes,18,3,3,80,0,8,0,1,6,5,2,4,₹4K–₹7K,6–10 years,26–35
34,No,Travel_Frequently,872,Research & Development,11,4,Life Sciences,1,514,1,Male,36,4,4,Research Director,3,Single,9042,18196,2,Y,No,16,3,3,80,2,7,2,1,7,1,3,1,₹7K–₹12K,6–10 years,26–35
38,Yes,Travel_Rarely,150,Research & Development,16,5,Life Sciences,1,515,3,Male,99,2,3,Manager,4,Single,9691,11237,5,Y,Yes,16,3,1,80,3,9,2,4,8,1,1,1,₹7K–₹12K,6–10 years,36–45
43,No,Travel_Frequently,481,Research & Development,5,1,Marketing,1,516,2,Male,81,3,2,Laboratory Technician,4,Single,5170,11113,2,Y,No,11,3,2,80,1,13,4,3,10,4,3,4,₹4K–₹7K,6–10 years,36–45
25,No,Travel_Rarely,109,Research & Development,8,5,Medical,1,517,4,Female,75,2,1,Research Scientist,3,Single,4402,4179,1,Y,No,25,3,1,80,1,6,6,4,5,0,3,0,₹4K–₹7K,4–5 years,18–25
45,No,Travel_Rarely,895,Research & Development,11,3,Medical,1,518,1,Male,68,3,2,Laboratory Technician,1,Married,8009,11245,2,Y,Yes,22,4,4,80,3,18,0,3,3,0,1,0,₹7K–₹12K,2–3 years,36–45
39,Yes,Travel_Rarely,817,Research & Development,5,4,Life Sciences,1,519,1,Female,48,1,1,Healthcare Representative,2,Single,4459,15311,3,Y,Yes,15,3,3,80,0,12,5,4,9,6,0,3,₹4K–₹7K,6–10 years,36–45
27,No,Travel_Rarely,795,Research & Development,10,5,Life Sciences,1,520,4,Male,39,4,2,Laboratory Technician,4,Single,6386,22395,0,Y,No,20,3,4,80,0,5,4,1,5,3,1,3,₹4K–₹7K,4–5 years,26–35
44,No,Travel_Rarely,635,Sales,14,5,Medical,1,521,2,Male,51,3,3,Sales Executive,1,Married,8488,21443,2,Y,No,11,4,1,80,0,5,3,1,5,2,2,0,₹7K–₹12K,4–5 years,36–45
36,Yes,Travel_Rarely,427,Sales,2,3,Medical,1,522,3,Male,68,4,4,Manager,2,Single,9113,5322,4,Y,Yes,19,3,1,80,2,14,2,4,8,4,1,4,₹7K–₹12K,6–10 years,36–45
38,No,Travel_Rarely,1401,Sales,10,4,Life Sciences,1,523,1,Female,88,2,2,Sales Representative,2,Single,7844,10086,2,Y,Yes,13,3,3,80,2,10,6,2,4,3,3,3,₹7K–₹12K,4–5 years,36–45
49,No,Travel_Frequently,1415,Research & Development,18,3,Medical,1,524,3,Female,83,4,3,Laboratory Technician,3,Divorced,10180,14046,2,Y,No,13,3,4,80,3,17,2,1,8,3,0,3,₹7K–₹12K,6–10 years,46–60
26,Yes,Travel_Frequently,377,Sales,8,1,Life Sciences,1,525,1,Male,30,4,2,Sales Executive,3,Divorced,6041,3441,7,Y,No,19,3,3,80,3,8,2,3,6,6,0,4,₹4K–₹7K,6–10 years,26–35
28,No,Non-Travel,984,Research & Development,21,1,Medical,1,526,3,Female,73,3,5,Manufacturing Director,3,Divorced,13445,11341,4,Y,Yes,24,3,1,80,0,6,1,2,6,2,3,0,₹12K+,6–10 years,26–35
34,No,Travel_Rarely,614,Sales,21,1,Marketing,1,527,2,Male,30,3,1,Sales Representative,1,Single,4078,4706,4,Y,No,21,3,3,80,2,13,6,4,4,0,0,0,₹4K–₹7K,4–5 years,26–35
40,Yes,Travel_Frequently,169,Research & Development,4,4,Medical,1,528,1,Male,57,3,2,Research Scientist,1,Married,4973,9425,3,Y,Yes,13,3,4,80,3,9,2,3,3,0,1,0,₹4K–₹7K,2–3 years,36–45
44,Yes,Travel_Rarely,1128,Research & Development,18,4,Medical,1,529,2,Male,89,1,5,Manufacturing Director,3,Married,11600,6905,1,Y,No,22,3,3,80,0,3,0,2,1,1,1,0,₹7K–₹12K,<2 years,36–45
49,No,Travel_Rarely,911,Sales,16,5,Technical Degree,1,530,1,Female,82,3,5,Manager,4,Married,11525,19939,1,Y,Yes,18,4,3,80,2,16,2,2,14,5,2,5,₹7K–₹12K,10+ years,46–60
36,Yes,Travel_Rarely,767,Sales,14,3,Life Sciences,1,531,4,Female,92,3,3,Sales Representative,3,Single,7874,12736,2,Y,No,18,3,3,80,2,2,2,3,0,0,0,0,₹7K–₹12K,<2 years,36–45
60,No,Travel_Rarely,862,Sales,5,1,Marketing,1,532,3,Female,77,4,3,Sales Representative,4,Divorced,7475,5810,3,Y,No,21,3,3,80,1,28,1,4,18,10,3,5,₹7K–₹12K,10+ years,46–60
44,No,Travel_Frequently,1145,Research & Development,9,1,Marketing,1,533,1,Female,81,3,4,Healthcare Representative,3,Married,10395,2034,5,Y,No,24,3,2,80,0,15,6,4,12,6,4,3,₹7K–₹12K,10+ years,36–45
24,No,Travel_Rarely,646,Research & Development,4,5,Technical Degree,1,534,4,Male,58,3,3,Healthcare Representative,2,Single,4900,10114,2,Y,Yes,12,3,4,80,1,1,3,3,0,0,0,0,₹4K–₹7K,<2 years,18–25
47,Yes,Non-Travel,1270,Research & Development,9,2,Other,1,535,1,Male,54,1,2,Laboratory Technician,4,Single,6583,26296,6,Y,Yes,24,3,1,80,1,16,1,1,12,5,4,1,₹4K–₹7K,10+ years,46–60
44,No,Travel_Rarely,917,Research & Development,9,2,Life Sciences,1,536,4,Male,48,2,3,Manufacturing Director,2,Single,8891,18642,1,Y,No,14,4,1,80,0,13,6,1,9,7,3,7,₹7K–₹12K,6–10 years,36–45
51,No,Travel_Rarely,1101,Sales,7,1,Medical,1,537,1,Female,74,1,5,Manager,3,Divorced,13873,14916,3,Y,No,16,3,2,80,1,13,4,2,13,7,5,7,₹12K+,10+ years,46–60
40,No,Travel_Rarely,925,Research & Development,17,2,Marketing,1,538,1,Male,71,4,5,Research Scientist,4,Married,12015,6040,2,Y,No,19,4,3,80,2,21,4,3,9,6,0,3,₹12K+,6–10 years,36–45
33,Yes,Travel_Rarely,408,Research & Development,14,1,Technical Degree,1,539,1,Female,43,3,4,Manufacturing Director,4,Married,9677,17223,4,Y,No,17,3,4,80,0,11,5,4,10,5,4,2,₹7K–₹12K,6–10 years,26–35
34,No,Travel_Frequently,1361,Research & Development,14,1,Medical,1,540,2,Female,59,2,4,Manufacturing Director,2,Married,8074,20086,2,Y,No,20,3,2,80,2,14,0,4,8,0,2,0,₹7K–₹12K,6–10 years,26–35
45,No,Travel_Rarely,1354,Research & Development,2,3,Life Sciences,1,541,3,Male,55,1,4,Manager,1,Married,8852,19107,1,Y,No,23,4,2,80,2,13,1,1,10,8,2,6,₹7K–₹12K,6–10 years,36–45
39,No,Travel_Rarely,1493,Research & Development,15,4,Medical,1,542,4,Female,89,1,2,Laboratory Technician,1,Married,6283,2438,1,Y,No,16,3,2,80,0,14,6,1,6,5,0,5,₹4K–₹7K,6–10 years,36–45
34,No,Travel_Rarely,1022,Research & Development,9,2,Technical Degree,1,543,4,Male,55,1,5,Manufacturing Director,3,Single,9849,10924,0,Y,No,23,3,3,80,1,5,6,2,3,1,3,0,₹7K–₹12K,2–3 years,26–35
31,No,Travel_Rarely,186,Research & Development,12,1,Medical,1,544,2,Male,56,1,4,Laboratory Technician,1,Divorced,9548,25624,3,Y,No,12,3,3,80,3,9,5,2,9,1,3,1,₹7K–₹12K,6–10 years,26–35
34,No,Travel_Frequently,1280,Research & Development,6,1,Life Sciences,1,545,1,Male,75,1,4,Research Director,2,Married,8694,3143,5,Y,No,12,3,1,80,3,17,6,1,14,6,7,2,₹7K–₹12K,10+ years,26–35
49,No,Non-Travel,712,Research & Development,2,1,Medical,1,546,4,Male,46,3,2,Laboratory Technician,1,Married,6806,26894,2,Y,No,12,3,2,80,0,17,4,1,15,11,5,11,₹4K–₹7K,10+ years,46–60
51,No,Travel_Rarely,736,Research & Development,14,2,Medical,1,547,4,Male,68,2,5,Manager,2,Single,12345,20574,3,Y,No,18,3,4,80,0,21,1,2,9,4,3,3,₹12K+,6–10 years,46–60
37,No,Travel_Rarely,317,Research & Development,5,3,Medical,1,548,1,Male,77,4,5,Research Director,1,Single,12270,5211,1,Y,No,16,3,2,80,0,14,6,1,12,2,6,1,₹12K+,10+ years,36–45
33,No,Travel_Rarely,959,Human Resources,28,5,Medical,1,549,3,Female,96,3,4,Manager,2,Married,9825,26076,6,Y,No,12,3,3,80,2,13,3,4,5,5,1,5,₹7K–₹12K,4–5 years,26–35
20,No,Travel_Rarely,1280,Research & Development,3,5,Medical,1,550,3,Female,50,4,4,Healthcare Representative,2,Single,7524,8699,2,Y,Yes,18,3,3,80,3,0,0,4,0,0,0,0,₹7K–₹12K,<2 years,18–25
43,No,Non-Travel,1042,Research & Development,14,2,Medical,1,551,2,Female,48,4,4,Research Scientist,1,Single,9470,17937,5,Y,No,20,3,4,80,3,13,0,1,12,5,0,5,₹7K–₹12K,10+ years,36–45
41,No,Non-Travel,1274,Research & Development,6,2,Medical,1,552,2,Male,69,3,3,Healthcare Representative,3,Married,8115,12825,1,Y,Yes,16,3,2,80,3,8,2,4,5,4,1,4,₹7K–₹12K,4–5 years,36–45
57,No,Travel_Rarely,1138,Research & Development,1,4,Life Sciences,1,553,3,Male,75,3,5,Healthcare Representative,1,Single,12733,15038,2,Y,No,16,3,4,80,0,24,4,3,17,6,6,1,₹12K+,10+ years,46–60
38,No,Travel_Rarely,1195,Sales,18,3,Life Sciences,1,554,3,Male,67,4,2,Sales Executive,2,Single,6102,2381,2,Y,No,16,3,1,80,0,3,2,2,3,2,1,1,₹4K–₹7K,2–3 years,36–45
27,No,Travel_Rarely,125,Research & Development,13,2,Marketing,1,555,4,Male,83,1,2,Healthcare Representative,1,Divorced,7039,19334,2,Y,No,18,3,4,80,1,8,6,2,7,4,4,2,₹7K–₹12K,6–10 years,26–35
26,Yes,Non-Travel,1463,Research & Development,29,3,Technical Degree,1,556,2,Male,61,3,5,Research Director,2,Married,11197,16911,1,Y,Yes,19,3,1,80,2,5,0,1,5,4,1,3,₹7K–₹12K,4–5 years,26–35
53,No,Travel_Rarely,701,Research & Development,3,3,Life Sciences,1,557,3,Male,76,4,3,Healthcare Representative,2,Married,7555,18948,2,Y,No,23,3,2,80,0,25,0,3,12,7,5,2,₹7K–₹12K,10+ years,46–60
35,No,Non-Travel,987,Research & Development,8,2,Technical Degree,1,558,2,Male,93,4,2,Research Scientist,4,Single,6773,23870,2,Y,Yes,16,3,3,80,3,7,0,1,1,0,1,0,₹4K–₹7K,<2 years,26–35
40,No,Non-Travel,1105,Research & Development,5,1,Marketing,1,559,2,Male,37,1,4,Manager,4,Single,12088,13772,3,Y,Yes,20,3,4,80,1,19,0,1,14,6,2,4,₹12K+,10+ years,36–45
27,No,Travel_Frequently,1250,Research & Development,8,1,Life Sciences,1,560,1,Male,88,2,2,Research Scientist,3,Single,5882,12964,2,Y,No,23,3,4,80,0,6,0,1,5,2,2,1,₹4K–₹7K,4–5 years,26–35
37,No,Non-Travel,1149,Research & Development,9,2,Life Sciences,1,561,4,Female,54,1,4,Laboratory Technician,3,Married,9652,2335,2,Y,No,13,4,3,80,3,13,5,2,12,6,3,6,₹7K–₹12K,10+ years,36–45
36,No,Travel_Rarely,727,Research & Development,6,1,Technical Degree,1,562,2,Female,31,1,2,Manager,2,Married,8313,4116,1,Y,No,14,4,1,80,1,11,0,2,5,3,4,1,₹7K–₹12K,4–5 years,36–45
32,No,Non-Travel,482,Research & Development,11,1,Life Sciences,1,563,1,Male,56,3,3,Research Scientist,2,Single,7239,19436,1,Y,No,23,3,4,80,3,6,5,3,1,0,0,0,₹7K–₹12K,<2 years,26–35
32,No,Travel_Rarely,263,Sales,4,4,Life Sciences,1,564,1,Female,98,2,4,Sales Executive,4,Single,10172,22419,1,Y,No,20,3,2,80,2,11,2,1,7,1,2,1,₹7K–₹12K,6–10 years,26–35
44,No,Travel_Rarely,1152,Research & Development,6,1,Medical,1,565,4,Female,99,2,1,Research Scientist,2,Married,6308,26709,2,Y,No,15,3,1,80,0,15,1,3,9,6,1,6,₹4K–₹7K,6–10 years,36–45
59,Yes,Travel_Rarely,308,Research & Development,11,4,Life Sciences,1,566,1,Male,77,1,4,Manager,1,Divorced,10476,13972,2,Y,No,21,3,1,80,2,32,2,1,21,10,7,8,₹7K–₹12K,10+ years,46–60
51,No,Travel_Frequently,1496,Sales,12,3,Medical,1,567,4,Female,30,2,2,Sales Executive,2,Married,7072,12855,2,Y,No,21,4,2,80,3,19,1,3,11,5,1,3,₹7K–₹12K,10+ years,46–60
41,No,Travel_Rarely,674,Sales,19,3,Life Sciences,1,568,2,Male,74,1,4,Manager,1,Divorced,9103,8741,2,Y,No,11,3,3,80,3,14,1,3,2,1,0,0,₹7K–₹12K,2–3 years,36–45
45,No,Non-Travel,715,Research & Development,13,5,Marketing,1,569,4,Male,91,3,5,Research Director,1,Single,12482,12225,3,Y,Yes,16,3,4,80,3,11,4,3,8,2,6,1,₹12K+,6–10 years,36–45
37,No,Travel_Rarely,739,Research & Development,20,4,Marketing,1,570,2,Male,53,4,4,Healthcare Representative,1,Married,9783,11758,0,Y,No,18,4,3,80,2,21,6,2,5,4,1,3,₹7K–₹12K,4–5 years,36–45
29,No,Travel_Rarely,515,Research & Development,29,2,Life Sciences,1,571,3,Male,79,3,1,Laboratory Technician,2,Married,3482,11781,0,Y,Yes,13,3,1,80,1,7,2,4,6,6,3,3,<₹4K,6–10 years,26–35
26,No,Travel_Rarely,1352,Research & Development,11,1,Marketing,1,572,1,Female,58,2,1,Healthcare Representative,3,Divorced,2600,20550,2,Y,No,13,3,1,80,1,6,0,4,0,0,0,0,<₹4K,<2 years,26–35
46,No,Travel_Rarely,880,Sales,3,2,Life Sciences,1,573,4,Male,95,4,5,Sales Representative,4,Single,12205,15609,0,Y,No,17,4,1,80,1,25,5,1,10,8,0,5,₹12K+,6–10 years,46–60
46,No,Travel_Rarely,1408,Sales,15,2,Life Sciences,1,574,3,Male,69,4,1,Sales Executive,3,Divorced,3333,16542,2,Y,No,21,3,2,80,0,15,1,4,4,4,0,4,<₹4K,4–5 years,46–60
34,No,Travel_Rarely,525,Research & Development,18,5,Life Sciences,1,575,2,Male,37,1,2,Healthcare Representative,2,Single,7009,10083,2,Y,No,12,3,2,80,2,11,6,1,8,4,3,4,₹7K–₹12K,6–10 years,26–35
33,No,Travel_Rarely,825,Sales,9,1,Life Sciences,1,576,3,Male,38,3,3,Manager,2,Married,6848,23909,2,Y,No,13,3,3,80,2,7,0,1,0,0,0,0,₹4K–₹7K,<2 years,26–35
39,No,Non-Travel,1375,Research & Development,6,1,Life Sciences,1,577,2,Female,76,4,1,Laboratory Technician,4,Married,4894,17987,0,Y,No,18,3,2,80,0,11,5,3,7,7,4,7,₹4K–₹7K,6–10 years,36–45
37,No,Travel_Rarely,611,Research & Development,11,5,Medical,1,578,4,Male,69,2,3,Research Director,2,Single,10660,22753,3,Y,Yes,23,4,2,80,2,6,6,2,4,1,3,1,₹7K–₹12K,4–5 years,36–45
39,No,Travel_Rarely,268,Research & Development,16,2,Marketing,1,579,4,Female,83,2,4,Healthcare Representative,1,Divorced,9453,10700,4,Y,No,21,4,4,80,1,14,2,1,8,4,2,4,₹7K–₹12K,6–10 years,36–45
19,No,Travel_Rarely,1293,Research & Development,5,3,Medical,1,580,2,Male,99,1,4,Manufacturing Director,2,Married,9219,9139,1,Y,Yes,17,4,2,80,2,0,1,1,0,0,0,0,₹7K–₹12K,<2 years,18–25
37,No,Travel_Frequently,434,Research & Development,4,1,Medical,1,581,2,Male,78,2,5,Research Scientist,2,Single,10303,26724,1,Y,No,24,3,3,80,2,14,1,4,7,4,4,3,₹7K–₹12K,6–10 years,36–45
50,No,Travel_Rarely,1103,Sales,11,5,Life Sciences,1,582,2,Male,47,2,1,Sales Representative,4,Single,4251,24746,3,Y,Yes,19,3,3,80,3,24,4,3,12,8,5,3,₹4K–₹7K,10+ years,46–60
41,No,Travel_Rarely,1491,Sales,16,3,Technical Degree,1,583,3,Male,40,3,3,Manager,4,Single,8661,25033,6,Y,No,21,3,2,80,1,21,2,3,18,6,4,3,₹7K–₹12K,10+ years,36–45
29,No,Travel_Rarely,1253,Research & Development,11,4,Life Sciences,1,584,1,Male,54,3,4,Manufacturing Director,2,Divorced,9276,6525,5,Y,No,13,4,1,80,1,6,2,3,6,2,1,0,₹7K–₹12K,6–10 years,26–35
30,No,Non-Travel,950,Research & Development,17,2,Technical Degree,1,585,2,Male,84,2,5,Manufacturing Director,4,Divorced,12656,2480,3,Y,No,14,3,4,80,2,1,0,2,1,0,0,0,₹12K+,<2 years,26–35
39,Yes,Travel_Frequently,355,Sales,22,2,Life Sciences,1,586,2,Male,82,2,4,Sales Executive,1,Married,10260,7912,3,Y,Yes,11,4,4,80,2,11,5,2,1,1,0,1,₹7K–₹12K,<2 years,36–45
48,No,Travel_Rarely,429,Research & Development,17,3,Life Sciences,1,587,4,Male,49,3,4,Manufacturing Director,3,Single,11079,24979,2,Y,Yes,23,3,4,80,3,20,4,1,16,7,6,5,₹7K–₹12K,10+ years,46–60
26,No,Travel_Rarely,104,Research & Development,1,2,Life Sciences,1,588,4,Male,33,3,4,Manufacturing Director,3,Married,10369,16259,1,Y,Yes,18,3,3,80,2,4,3,3,4,4,3,2,₹7K–₹12K,4–5 years,26–35
30,No,Travel_Rarely,695,Research & Development,5,1,Medical,1,589,1,Female,93,4,4,Research Scientist,1,Married,8601,7604,0,Y,No,22,3,3,80,2,9,3,4,5,1,1,0,₹7K–₹12K,4–5 years,26–35
48,Yes,Travel_Rarely,280,Research & Development,3,2,Marketing,1,590,1,Male,42,1,4,Research Scientist,4,Married,12630,7599,1,Y,No,16,3,4,80,0,22,2,4,9,3,3,2,₹12K+,6–10 years,46–60
28,No,Travel_Frequently,1409,Research & Development,9,5,Life Sciences,1,591,1,Male,77,3,5,Research Director,4,Divorced,10017,8339,1,Y,No,16,3,4,80,2,4,1,4,4,4,2,4,₹7K–₹12K,4–5 years,26–35
44,No,Travel_Rarely,707,Research & Development,1,1,Marketing,1,592,4,Male,65,3,3,Manager,1,Divorced,9389,26263,0,Y,No,23,3,1,80,3,16,6,1,11,9,1,6,₹7K–₹12K,10+ years,36–45
43,Yes,Travel_Rarely,1453,Research & Development,2,2,Medical,1,593,1,Male,30,2,1,Manufacturing Director,4,Married,6334,5835,3,Y,No,17,3,4,80,3,15,5,4,13,6,5,3,₹4K–₹7K,10+ years,36–45
22,No,Travel_Rarely,1000,Research & Development,15,1,Marketing,1,594,1,Male,58,3,5,Research Director,4,Married,10228,15582,4,Y,Yes,22,3,4,80,3,5,2,4,5,1,1,1,₹7K–₹12K,4–5 years,18–25
48,No,Travel_Rarely,384,Research & Development,23,4,Medical,1,595,2,Male,66,4,2,Research Scientist,1,Single,7170,23606,1,Y,No,12,3,1,80,0,8,6,4,3,1,2,0,₹7K–₹12K,2–3 years,46–60
35,No,Travel_Rarely,1395,Sales,12,4,Life Sciences,1,596,1,Female,77,2,3,Manager,4,Married,8013,13962,2,Y,No,16,3,2,80,1,8,5,1,8,7,4,4,₹7K–₹12K,6–10 years,26–35
54,No,Non-Travel,201,Research & Development,6,4,Marketing,1,597,2,Female,38,4,4,Laboratory Technician,3,Divorced,11392,15660,1,Y,No,16,3,2,80,0,13,1,4,11,5,3,2,₹7K–₹12K,10+ years,46–60
25,Yes,Travel_Rarely,1331,Sales,17,3,Life Sciences,1,598,2,Male,46,1,4,Sales Representative,3,Divorced,6449,20891,4,Y,No,21,3,4,80,1,0,2,4,0,0,0,0,₹4K–₹7K,<2 years,18–25
28,No,Travel_Rarely,1365,Sales,18,4,Life Sciences,1,599,4,Male,62,1,3,Manager,1,Married,6538,20886,3,Y,No,12,3,4,80,3,9,6,1,5,2,5,2,₹4K–₹7K,4–5 years,26–35
27,Yes,Travel_Rarely,647,Human Resources,11,3,Medical,1,600,4,Male,62,1,5,Human Resources,1,Single,10779,20038,2,Y,No,21,3,3,80,1,3,3,3,3,0,0,0,₹7K–₹12K,2–3 years,26–35
34,No,Travel_Frequently,1427,Sales,20,5,Life Sciences,1,601,4,Male,36,4,3,Manager,2,Single,6403,10189,2,Y,No,13,3,2,80,1,12,5,3,7,6,0,0,₹4K–₹7K,6–10 years,26–35
44,No,Travel_Rarely,400,Research & Development,24,5,Medical,1,602,3,Female,47,3,5,Manufacturing Director,1,Single,12539,25839,6,Y,No,20,3,3,80,0,13,3,1,13,4,2,1,₹12K+,10+ years,36–45
37,No,Travel_Rarely,619,Research & Development,13,3,Medical,1,603,3,Male,44,3,3,Manager,4,Married,9315,15993,2,Y,No,25,3,1,80,0,12,6,2,3,3,3,2,₹7K–₹12K,2–3 years,36–45
34,No,Non-Travel,796,Research & Development,6,3,Marketing,1,604,4,Female,42,1,5,Research Director,3,Married,11568,8408,2,Y,No,18,4,2,80,2,13,0,3,4,1,0,0,₹7K–₹12K,4–5 years,26–35
41,No,Travel_Rarely,1273,Research & Development,24,1,Technical Degree,1,605,3,Female,50,4,3,Manager,3,Single,8999,24100,2,Y,No,19,3,3,80,3,16,3,4,15,6,2,3,₹7K–₹12K,10+ years,36–45
23,No,Travel_Rarely,1289,Sales,8,5,Medical,1,606,2,Female,43,1,3,Sales Executive,3,Married,5595,2420,5,Y,No,15,3,4,80,1,0,3,3,0,0,0,0,₹4K–₹7K,<2 years,18–25
40,Yes,Travel_Rarely,1124,Sales,9,3,Medical,1,607,1,Male,76,3,2,Sales Executive,1,Divorced,6734,13857,3,Y,Yes,20,3,1,80,3,13,3,4,12,2,6,1,₹4K–₹7K,10+ years,36–45
45,No,Travel_Frequently,719,Research & Development,9,4,Human Resources,1,608,2,Female,88,4,4,Healthcare Representative,1,Single,11232,4188,5,Y,Yes,25,3,2,80,2,20,1,1,20,11,7,4,₹7K–₹12K,10+ years,36–45
31,No,Travel_Rarely,1401,Research & Development,13,1,Other,1,609,1,Male,99,2,3,Research Director,1,Married,6610,6274,3,Y,Yes,16,4,1,80,0,5,1,2,5,5,0,5,₹4K–₹7K,4–5 years,26–35
30,No,Non-Travel,668,Human Resources,16,4,Technical Degree,1,610,1,Female,65,3,1,Manager,4,Married,4263,21829,3,Y,No,15,3,4,80,1,9,3,4,0,0,0,0,₹4K–₹7K,<2 years,26–35
51,Yes,Travel_Frequently,1311,Research & Development,19,1,Marketing,1,611,3,Male,49,1,2,Manager,2,Single,7604,11403,0,Y,No,22,3,4,80,2,22,5,3,9,3,5,3,₹7K–₹12K,6–10 years,46–60
38,No,Travel_Rarely,192,Research & Development,11,3,Medical,1,612,1,Female,59,2,3,Research Scientist,1,Married,7850,4938,6,Y,No,23,3,1,80,1,7,4,2,7,2,4,0,₹7K–₹12K,6–10 years,36–45
21,No,Travel_Rarely,1477,Sales,29,5,Medical,1,613,4,Male,43,1,1,Sales Executive,4,Single,3948,15057,5,Y,No,12,4,2,80,2,2,2,3,0,0,0,0,<₹4K,<2 years,18–25
44,No,Travel_Frequently,1125,Sales,25,2,Life Sciences,1,614,2,Male,82,2,3,Sales Executive,2,Divorced,8703,11078,4,Y,No,13,3,4,80,3,9,0,3,1,0,0,0,₹7K–₹12K,<2 years,36–45
36,No,Travel_Rarely,512,Research & Development,10,4,Medical,1,615,1,Female,40,3,4,Manager,2,Single,9394,22577,1,Y,No,19,3,1,80,1,8,3,4,6,4,4,0,₹7K–₹12K,6–10 years,36–45
41,No,Travel_Rarely,1323,Research & Development,10,3,Life Sciences,1,616,3,Female,57,3,4,Research Director,1,Married,9649,6261,5,Y,No,19,3,3,80,2,6,5,3,3,0,1,0,₹7K–₹12K,2–3 years,36–45
18,No,Travel_Frequently,606,Research & Development,11,4,Marketing,1,617,3,Female,84,2,5,Manager,3,Divorced,10655,21007,4,Y,Yes,17,3,2,80,2,0,4,3,0,0,0,0,₹7K–₹12K,<2 years,18–25
41,No,Travel_Frequently,872,Research & Development,23,3,Life Sciences,1,618,3,Male,75,4,3,Manager,2,Married,7259,21333,2,Y,No,16,3,2,80,1,9,1,1,3,0,3,0,₹7K–₹12K,2–3 years,36–45
47,No,Travel_Rarely,152,Research & Development,4,5,Life Sciences,1,619,3,Male,66,3,3,Manufacturing Director,1,Single,8509,17080,4,Y,No,12,3,2,80,0,12,0,2,5,3,0,2,₹7K–₹12K,4–5 years,46–60
27,No,Travel_Rarely,1304,Research & Development,10,5,Marketing,1,620,3,Male,84,4,3,Research Director,1,Divorced,7160,5368,2,Y,Yes,17,3,4,80,0,5,1,4,5,5,3,5,₹7K–₹12K,4–5 years,26–35
29,No,Travel_Rarely,1401,Human Resources,10,1,Life Sciences,1,621,1,Female,59,2,4,Human Resources,1,Married,9602,9884,5,Y,No,12,4,4,80,1,8,0,1,6,4,0,3,₹7K–₹12K,6–10 years,26–35
38,No,Travel_Rarely,506,Research & Development,14,2,Life Sciences,1,622,2,Male,96,4,3,Laboratory Technician,4,Single,7650,2013,2,Y,No,21,4,1,80,1,4,5,3,0,0,0,0,₹7K–₹12K,<2 years,36–45
46,No,Travel_Rarely,557,Sales,13,1,Life Sciences,1,623,2,Female,71,1,1,Manager,4,Married,5077,22175,1,Y,No,17,4,2,80,0,13,6,3,4,2,0,1,₹4K–₹7K,4–5 years,46–60
38,No,Travel_Frequently,849,Sales,11,4,Medical,1,624,3,Female,37,2,2,Sales Executive,3,Married,6315,18064,2,Y,No,16,3,1,80,3,4,2,2,2,0,2,0,₹4K–₹7K,2–3 years,36–45
31,No,Travel_Frequently,1431,Sales,12,5,Medical,1,625,2,Female,36,3,4,Manager,2,Divorced,9430,10250,2,Y,No,24,3,2,80,3,8,0,2,5,0,4,0,₹7K–₹12K,4–5 years,26–35
44,No,Travel_Rarely,647,Sales,12,2,Life Sciences,1,626,1,Male,52,4,2,Sales Executive,4,Married,6450,20876,1,Y,Yes,25,3,4,80,2,13,2,4,7,7,3,1,₹4K–₹7K,6–10 years,36–45
35,No,Travel_Rarely,1049,Sales,2,3,Medical,1,627,3,Female,78,1,3,Sales Executive,3,Single,7398,20456,4,Y,No,19,3,3,80,0,5,3,2,0,0,0,0,₹7K–₹12K,<2 years,26–35
41,No,Travel_Rarely,670,Sales,10,2,Life Sciences,1,628,1,Female,44,4,2,Sales Executive,3,Single,6772,11379,4,Y,No,13,3,1,80,2,13,6,3,8,8,0,8,₹4K–₹7K,6–10 years,36–45
39,No,Travel_Rarely,665,Research & Development,2,5,Marketing,1,629,2,Female,67,1,4,Healthcare Representative,4,Married,8673,5214,0,Y,No,14,3,2,80,3,5,5,2,5,2,0,0,₹7K–₹12K,4–5 years,36–45
39,No,Non-Travel,889,Research & Development,10,5,Medical,1,630,1,Male,40,3,2,Manager,4,Divorced,6262,24932,0,Y,No,16,3,3,80,2,5,1,4,5,1,2,1,₹4K–₹7K,4–5 years,36–45
42,No,Travel_Rarely,1316,Research & Development,10,2,Life Sciences,1,631,3,Male,81,4,3,Research Director,1,Married,8772,10369,3,Y,Yes,23,4,4,80,0,7,5,1,7,4,3,3,₹7K–₹12K,6–10 years,36–45
44,No,Travel_Rarely,899,Research & Development,13,2,Life Sciences,1,632,2,Male,99,2,2,Research Scientist,4,Married,5048,22541,2,Y,No,23,3,4,80,0,20,2,1,18,1,4,1,₹4K–₹7K,10+ years,36–45
38,Yes,Travel_Rarely,1256,Research & Development,6,3,Marketing,1,633,1,Female,71,1,4,Manager,1,Married,9811,19227,3,Y,Yes,23,3,2,80,2,8,3,1,8,5,3,2,₹7K–₹12K,6–10 years,36–45
42,No,Travel_Rarely,1209,Sales,29,5,Life Sciences,1,634,2,Female,47,3,3,Manager,4,Married,8116,18797,1,Y,No,12,3,4,80,3,14,5,1,8,3,4,0,₹7K–₹12K,6–10 years,36–45
19,No,Travel_Rarely,1321,Research & Development,11,3,Medical,1,635,1,Female,44,1,2,Manager,2,Married,5405,11038,1,Y,No,25,3,1,80,1,1,2,4,0,0,0,0,₹4K–₹7K,<2 years,18–25
28,Yes,Travel_Rarely,1442,Sales,13,5,Life Sciences,1,636,4,Female,33,2,2,Sales Executive,4,Divorced,5433,12663,3,Y,Yes,15,3,3,80,2,7,4,3,0,0,0,0,₹4K–₹7K,<2 years,26–35
25,No,Travel_Frequently,1078,Research & Development,2,2,Marketing,1,637,2,Male,37,4,5,Manufacturing Director,3,Married,9964,17585,2,Y,No,17,3,2,80,2,3,2,2,0,0,0,0,₹7K–₹12K,<2 years,18–25
49,No,Non-Travel,1382,Research & Development,10,5,Life Sciences,1,638,2,Male,94,3,4,Research Director,3,Married,11503,26438,3,Y,No,21,3,2,80,0,9,3,3,9,7,2,3,₹7K–₹12K,6–10 years,46–60
40,No,Travel_Rarely,702,Research & Development,2,4,Life Sciences,1,639,3,Female,68,3,3,Research Scientist,3,Married,9393,8057,2,Y,No,17,3,2,80,3,15,3,4,12,5,3,2,₹7K–₹12K,10+ years,36–45
48,No,Travel_Rarely,1124,Research & Development,5,5,Life Sciences,1,640,1,Female,78,2,5,Manager,2,Single,14748,16941,2,Y,No,11,3,1,80,1,15,1,1,11,7,5,3,₹12K+,10+ years,46–60
32,No,Travel_Rarely,1109,Sales,8,5,Life Sciences,1,641,2,Male,97,3,3,Manager,4,Married,7544,25052,1,Y,No,25,3,4,80,2,6,4,4,2,2,2,0,₹7K–₹12K,2–3 years,26–35
39,No,Travel_Rarely,971,Research & Development,14,2,Medical,1,642,1,Male,47,4,4,Manufacturing Director,1,Single,9136,14789,3,Y,No,16,3,3,80,0,10,3,3,8,2,2,2,₹7K–₹12K,6–10 years,36–45
39,Yes,Travel_Frequently,472,Research & Development,20,2,Medical,1,643,4,Male,40,2,1,Laboratory Technician,3,Married,4346,6687,1,Y,No,17,3,3,80,0,14,6,4,13,5,1,3,₹4K–₹7K,10+ years,36–45
35,No,Travel_Frequently,1420,Research & Development,11,4,Medical,1,644,2,Female,49,2,4,Manager,3,Divorced,9736,3230,2,Y,No,23,3,2,80,1,7,0,1,7,5,1,4,₹7K–₹12K,6–10 years,26–35
44,Yes,Travel_Rarely,907,Sales,10,3,Marketing,1,645,1,Male,95,1,1,Sales Executive,3,Married,5691,6027,3,Y,No,11,3,1,80,0,15,6,2,13,8,4,6,₹4K–₹7K,10+ years,36–45
29,No,Travel_Rarely,863,Research & Development,1,4,Life Sciences,1,646,4,Male,56,4,5,Research Scientist,1,Married,10525,23404,2,Y,No,16,3,3,80,1,3,0,2,3,0,3,0,₹7K–₹12K,2–3 years,26–35
25,No,Travel_Rarely,1402,Research & Development,13,3,Medical,1,647,3,Female,86,3,2,Laboratory Technician,4,Married,7112,19227,3,Y,Yes,14,3,3,80,2,2,5,1,0,0,0,0,₹7K–₹12K,<2 years,18–25
41,No,Travel_Rarely,1469,Sales,20,2,Life Sciences,1,648,4,Female,37,1,1,Sales Representative,1,Married,5048,2371,2,Y,Yes,18,3,3,80,2,11,2,4,11,9,0,5,₹4K–₹7K,10+ years,36–45
35,No,Travel_Frequently,1266,Sales,10,5,Life Sciences,1,649,2,Male,51,3,3,Manager,2,Married,7686,12009,5,Y,No,23,3,2,80,2,10,6,1,0,0,0,0,₹7K–₹12K,<2 years,26–35
43,No,Travel_Rarely,309,Research & Development,29,2,Marketing,1,650,1,Female,81,3,3,Healthcare Representative,3,Married,8191,15881,2,Y,No,23,3,3,80,0,12,0,2,7,7,2,5,₹7K–₹12K,6–10 years,36–45
40,Yes,Non-Travel,1103,Research & Development,14,4,Technical Degree,1,651,4,Male,84,1,5,Research Director,3,Married,12861,24699,3,Y,Yes,13,3,2,80,1,12,2,3,4,4,1,4,₹12K+,4–5 years,36–45
26,Yes,Travel_Rarely,865,Research & Development,3,2,Life Sciences,1,652,2,Female,84,2,2,Laboratory Technician,2,Single,6936,17564,1,Y,No,15,3,4,80,2,0,5,3,0,0,0,0,₹4K–₹7K,<2 years,26–35
46,No,Travel_Rarely,1103,Sales,5,1,Life Sciences,1,653,2,Female,86,4,2,Sales Representative,2,Single,7479,18479,3,Y,No,13,3,2,80,3,20,3,3,6,6,0,3,₹7K–₹12K,6–10 years,46–60
44,No,Travel_Rarely,1440,Research & Development,4,2,Life Sciences,1,654,2,Male,78,2,3,Research Director,4,Divorced,9739,6560,2,Y,No,24,3,4,80,0,13,6,3,9,3,4,1,₹7K–₹12K,6–10 years,36–45
41,No,Travel_Rarely,422,Sales,9,5,Medical,1,655,4,Male,49,1,5,Sales Executive,3,Divorced,12587,26997,0,Y,No,16,3,3,80,1,10,1,1,6,4,0,1,₹12K+,6–10 years,36–45
35,No,Travel_Rarely,515,Research & Development,15,3,Marketing,1,656,2,Male,62,1,5,Manufacturing Director,2,Divorced,12749,10076,1,Y,No,24,3,1,80,0,10,5,4,5,0,4,0,₹12K+,4–5 years,26–35
52,No,Non-Travel,279,Research & Development,18,2,Life Sciences,1,657,3,Male,71,4,1,Manufacturing Director,3,Married,5628,9076,2,Y,No,15,3,2,80,2,15,2,2,13,9,5,7,₹4K–₹7K,10+ years,46–60
42,No,Travel_Rarely,1071,Research & Development,9,5,Life Sciences,1,658,2,Male,96,3,2,Laboratory Technician,3,Married,5933,11968,4,Y,No,22,3,3,80,3,12,4,4,7,0,2,0,₹4K–₹7K,6–10 years,36–45
37,No,Non-Travel,455,Research & Development,13,3,Technical Degree,1,659,2,Male,91,1,4,Manufacturing Director,3,Married,9872,20925,3,Y,No,20,3,3,80,0,14,5,4,14,6,5,4,₹7K–₹12K,10+ years,36–45
51,Yes,Travel_Rarely,256,Research & Development,29,2,Life Sciences,1,660,3,Male,91,2,4,Manufacturing Director,3,Divorced,11570,8404,4,Y,No,23,3,2,80,1,17,3,1,10,9,2,6,₹7K–₹12K,6–10 years,46–60
37,No,Travel_Rarely,523,Research & Development,20,5,Life Sciences,1,661,3,Female,49,3,2,Manager,4,Married,6041,16398,1,Y,No,18,3,3,80,0,11,1,1,6,1,5,0,₹4K–₹7K,6–10 years,36–45
33,No,Travel_Rarely,545,Research & Development,13,5,Medical,1,662,3,Male,95,3,3,Research Director,4,Single,9413,19825,2,Y,No,19,3,2,80,2,6,3,1,6,2,2,0,₹7K–₹12K,6–10 years,26–35
18,No,Travel_Rarely,628,Research & Development,28,4,Human Resources,1,663,3,Male,71,4,4,Healthcare Representative,4,Married,8167,22596,3,Y,No,14,3,4,80,0,0,3,4,0,0,0,0,₹7K–₹12K,<2 years,18–25
34,No,Travel_Frequently,1099,Sales,5,5,Medical,1,664,1,Female,60,2,2,Sales Representative,3,Single,5920,11133,3,Y,No,12,3,2,80,2,9,5,1,5,5,5,2,₹4K–₹7K,4–5 years,26–35
29,No,Travel_Rarely,822,Sales,12,3,Life Sciences,1,665,1,Male,80,4,3,Manager,3,Married,7526,13037,1,Y,Yes,15,3,4,80,1,10,3,2,8,0,3,0,₹7K–₹12K,6–10 years,26–35
41,No,Travel_Frequently,443,Research & Development,9,3,Life Sciences,1,666,2,Male,71,1,2,Healthcare Representative,1,Single,6823,11874,4,Y,No,23,3,1,80,3,7,2,4,7,4,2,3,₹4K–₹7K,6–10 years,36–45
43,Yes,Travel_Frequently,363,Research & Development,16,2,Medical,1,667,1,Female,43,3,4,Manager,3,Married,9595,2561,5,Y,No,22,3,4,80,3,13,1,1,8,1,2,1,₹7K–₹12K,6–10 years,36–45
39,No,Travel_Rarely,410,Research & Development,9,1,Medical,1,668,1,Male,74,3,3,Manager,3,Married,8115,20467,2,Y,No,25,3,3,80,0,13,2,2,8,7,3,5,₹7K–₹12K,6–10 years,36–45
32,No,Travel_Rarely,1464,Sales,7,2,Medical,1,669,2,Male,89,4,3,Sales Representative,2,Married,8829,21454,5,Y,Yes,11,3,3,80,2,10,1,2,8,3,4,0,₹7K–₹12K,6–10 years,26–35
39,No,Non-Travel,661,Research & Development,14,4,Life Sciences,1,670,2,Female,99,4,2,Research Scientist,1,Married,6761,6750,0,Y,No,17,3,4,80,0,10,5,2,4,4,4,4,₹4K–₹7K,4–5 years,36–45
25,No,Travel_Rarely,1350,Research & Development,11,3,Life Sciences,1,671,3,Female,47,3,5,Manager,1,Single,10663,24941,5,Y,No,19,3,1,80,1,0,6,3,0,0,0,0,₹7K–₹12K,<2 years,18–25
33,No,Travel_Rarely,152,Research & Development,2,1,Life Sciences,1,672,4,Male,49,3,5,Manufacturing Director,3,Single,10842,8872,1,Y,No,24,3,3,80,3,7,3,1,7,5,0,3,₹7K–₹12K,6–10 years,26–35
23,No,Travel_Frequently,1266,Sales,13,3,Life Sciences,1,673,1,Male,35,4,1,Sales Executive,2,Single,3266,7910,1,Y,Yes,22,3,3,80,2,1,5,2,0,0,0,0,<₹4K,<2 years,18–25
30,Yes,Travel_Rarely,609,Research & Development,9,2,Marketing,1,674,3,Male,73,3,2,Research Scientist,2,Single,5352,16083,2,Y,No,25,3,4,80,0,0,3,2,0,0,0,0,₹4K–₹7K,<2 years,26–35
54,No,Non-Travel,990,Sales,6,5,Medical,1,675,3,Female,70,1,4,Manager,2,Divorced,11692,8638,0,Y,Yes,15,4,2,80,1,14,5,3,4,4,1,3,₹7K–₹12K,4–5 years,46–60
38,No,Non-Travel,992,Research & Development,11,1,Medical,1,676,1,Male,77,2,1,Manufacturing Director,4,Married,3159,9246,0,Y,No,19,3,1,80,1,12,5,2,1,0,0,0,<₹4K,<2 years,36–45
44,No,Travel_Frequently,1184,Research & Development,4,1,Medical,1,677,3,Female,33,2,1,Healthcare Representative,3,Married,5572,18594,2,Y,Yes,13,3,2,80,2,25,5,4,19,11,7,6,₹4K–₹7K,10+ years,36–45
39,No,Non-Travel,534,Research & Development,7,3,Medical,1,678,3,Male,36,1,3,Research Scientist,4,Divorced,9426,19598,3,Y,Yes,13,3,3,80,0,11,1,3,7,2,5,2,₹7K–₹12K,6–10 years,36–45
40,No,Travel_Rarely,178,Sales,23,2,Life Sciences,1,679,4,Male,34,2,4,Manager,3,Married,9756,13607,3,Y,Yes,11,4,4,80,0,14,0,2,8,2,0,1,₹7K–₹12K,6–10 years,36–45
51,No,Travel_Rarely,852,Research & Development,8,3,Medical,1,680,4,Male,50,3,3,Research Director,4,Married,9544,22457,2,Y,No,17,3,1,80,2,20,2,2,9,4,2,2,₹7K–₹12K,6–10 years,46–60
36,No,Travel_Frequently,507,Research & Development,8,5,Medical,1,681,4,Male,78,4,2,Manufacturing Director,4,Married,6921,17228,1,Y,No,19,4,3,80,1,15,4,3,6,4,0,2,₹4K–₹7K,6–10 years,36–45
50,Yes,Travel_Rarely,789,Research & Development,25,5,Marketing,1,682,4,Male,94,3,1,Research Scientist,3,Single,5583,13105,1,Y,No,16,3,2,80,0,18,6,2,13,6,5,5,₹4K–₹7K,10+ years,46–60
32,Yes,Travel_Frequently,1176,Human Resources,3,4,Life Sciences,1,683,3,Female,39,3,3,Manager,1,Divorced,7532,4439,2,Y,No,25,3,4,80,3,3,0,1,0,0,0,0,₹7K–₹12K,<2 years,26–35
37,No,Travel_Rarely,539,Sales,11,5,Life Sciences,1,684,4,Male,96,4,1,Sales Executive,3,Married,5415,18232,3,Y,No,11,3,3,80,0,1,1,4,1,0,0,0,₹4K–₹7K,<2 years,36–45
52,No,Travel_Rarely,685,Research & Development,5,2,Technical Degree,1,685,3,Male,58,1,3,Research Scientist,1,Married,11435,4090,3,Y,No,23,4,4,80,0,13,4,1,13,7,7,5,₹7K–₹12K,10+ years,46–60
41,No,Travel_Rarely,1283,Research & Development,22,2,Technical Degree,1,686,2,Male,47,4,3,Research Scientist,3,Married,9149,11127,2,Y,No,11,3,3,80,2,11,3,1,8,1,2,1,₹7K–₹12K,6–10 years,36–45
40,No,Travel_Frequently,850,Research & Development,3,3,Life Sciences,1,687,4,Female,57,2,4,Manager,1,Single,9878,26055,1,Y,No,19,3,1,80,1,14,2,2,8,4,3,4,₹7K–₹12K,6–10 years,36–45
31,No,Travel_Rarely,1407,Sales,12,1,Marketing,1,688,2,Male,86,4,2,Sales Executive,4,Married,5836,6326,4,Y,No,17,4,1,80,0,13,0,4,13,10,3,10,₹4K–₹7K,10+ years,26–35
49,No,Travel_Frequently,736,Research & Development,8,4,Life Sciences,1,689,4,Female,69,1,3,Laboratory Technician,3,Married,8679,4566,6,Y,No,15,3,1,80,3,15,0,2,2,2,2,2,₹7K–₹12K,2–3 years,46–60
38,No,Travel_Rarely,1187,Research & Development,13,4,Medical,1,690,4,Male,70,4,1,Manager,3,Single,6545,17181,5,Y,No,19,3,2,80,3,11,4,4,4,3,2,1,₹4K–₹7K,4–5 years,36–45
18,Yes,Non-Travel,407,Sales,5,3,Life Sciences,1,691,4,Male,68,2,3,Manager,1,Single,8329,18234,2,Y,No,13,3,1,80,0,4,0,2,4,0,0,0,₹7K–₹12K,4–5 years,18–25
39,No,Travel_Rarely,1244,Sales,4,3,Life Sciences,1,692,4,Female,81,2,3,Manager,3,Married,8636,9644,1,Y,No,23,3,1,80,2,16,3,2,10,6,4,6,₹7K–₹12K,6–10 years,36–45
28,No,Travel_Frequently,834,Sales,13,1,Life Sciences,1,693,1,Male,44,4,3,Manager,2,Divorced,8121,15930,2,Y,No,22,3,4,80,1,7,6,1,1,0,0,0,₹7K–₹12K,<2 years,26–35
42,No,Non-Travel,983,Research & Development,3,3,Life Sciences,1,694,1,Male,34,1,2,Laboratory Technician,2,Married,7089,24243,7,Y,Yes,23,3,4,80,1,3,0,3,0,0,0,0,₹7K–₹12K,<2 years,36–45
47,No,Non-Travel,1497,Research & Development,15,4,Marketing,1,695,3,Female,34,1,4,Manager,3,Single,12020,6689,4,Y,No,18,3,2,80,1,19,6,1,19,6,8,6,₹12K+,10+ years,46–60
43,No,Travel_Frequently,308,Sales,11,3,Human Resources,1,696,4,Female,30,2,1,Sales Executive,2,Married,5301,8120,2,Y,No,15,3,4,80,0,13,5,4,6,6,1,4,₹4K–₹7K,6–10 years,36–45
46,No,Travel_Rarely,1224,Research & Development,13,1,Medical,1,697,4,Female,30,3,3,Manufacturing Director,2,Single,9766,5615,3,Y,No,15,3,4,80,3,15,6,1,10,4,2,3,₹7K–₹12K,6–10 years,46–60
41,No,Travel_Frequently,1212,Research & Development,8,5,Life Sciences,1,698,1,Male,90,4,3,Manufacturing Director,4,Married,8619,7466,2,Y,No,18,3,4,80,2,14,5,2,7,7,4,6,₹7K–₹12K,6–10 years,36–45
36,No,Travel_Frequently,525,Research & Development,5,4,Medical,1,699,2,Female,67,3,3,Manufacturing Director,2,Married,7224,23612,1,Y,No,12,3,2,80,1,11,5,4,10,6,3,6,₹7K–₹12K,6–10 years,36–45
35,No,Travel_Rarely,1469,Research & Development,29,5,Medical,1,700,1,Female,41,3,3,Manager,1,Single,6273,13173,1,Y,Yes,25,3,4,80,3,13,4,1,6,3,1,0,₹4K–₹7K,6–10 years,26–35
44,No,Travel_Rarely,1393,Research & Development,7,5,Life Sciences,1,701,1,Female,72,2,4,Manufacturing Director,2,Married,7558,22974,1,Y,No,21,3,1,80,1,7,0,4,2,2,2,2,₹7K–₹12K,2–3 years,36–45
34,No,Travel_Rarely,1088,Sales,7,5,Life Sciences,1,702,3,Male,43,3,2,Sales Executive,4,Divorced,6219,17929,2,Y,No,19,3,2,80,0,9,6,1,9,5,0,4,₹4K–₹7K,6–10 years,26–35
42,No,Travel_Rarely,1466,Sales,10,4,Life Sciences,1,703,2,Male,88,2,3,Sales Representative,2,Single,9509,25001,2,Y,Yes,23,3,3,80,2,2,2,2,2,0,1,0,₹7K–₹12K,2–3 years,36–45
40,No,Travel_Rarely,580,Sales,10,3,Technical Degree,1,704,2,Female,89,1,3,Manager,2,Single,8284,26393,2,Y,No,11,3,4,80,3,10,3,4,8,6,4,3,₹7K–₹12K,6–10 years,36–45
27,No,Non-Travel,320,Research & Development,6,1,Life Sciences,1,705,2,Female,34,1,4,Manager,4,Married,10074,5497,3,Y,No,15,3,2,80,3,2,1,3,2,0,1,0,₹7K–₹12K,2–3 years,26–35
51,No,Travel_Rarely,915,Research & Development,20,5,Life Sciences,1,706,1,Female,37,1,4,Research Scientist,2,Married,11273,20582,1,Y,No,16,4,2,80,2,16,2,3,9,4,0,3,₹7K–₹12K,6–10 years,46–60
47,No,Non-Travel,539,Research & Development,8,2,Marketing,1,707,2,Female,34,4,2,Research Scientist,4,Married,5460,2003,0,Y,Yes,22,3,1,80,3,14,1,1,14,4,3,4,₹4K–₹7K,10+ years,46–60
31,No,Travel_Rarely,534,Sales,9,5,Life Sciences,1,708,1,Female,38,4,4,Manager,4,Divorced,10230,5098,3,Y,Yes,13,3,1,80,3,3,6,3,2,0,0,0,₹7K–₹12K,2–3 years,26–35
46,No,Travel_Rarely,304,Research & Development,12,4,Technical Degree,1,709,4,Female,31,3,3,Healthcare Representative,4,Married,10570,18316,2,Y,Yes,17,3,2,80,0,19,4,1,8,6,3,2,₹7K–₹12K,6–10 years,46–60
36,No,Travel_Frequently,1449,Research & Development,2,1,Life Sciences,1,710,1,Male,70,4,5,Manufacturing Director,4,Single,12408,24075,5,Y,Yes,13,3,2,80,0,7,5,3,4,4,4,1,₹12K+,4–5 years,36–45
31,No,Travel_Rarely,385,Research & Development,7,4,Life Sciences,1,711,3,Male,59,3,1,Laboratory Technician,3,Married,4671,21393,2,Y,No,18,3,3,80,0,7,3,3,5,5,0,5,₹4K–₹7K,4–5 years,26–35
34,Yes,Non-Travel,1321,Sales,10,3,Life Sciences,1,712,1,Male,85,1,3,Manager,1,Married,6633,4675,1,Y,Yes,22,3,2,80,2,16,4,1,11,9,4,5,₹4K–₹7K,10+ years,26–35
34,Yes,Travel_Rarely,921,Sales,8,3,Medical,1,713,3,Male,52,3,1,Manager,2,Married,2224,3991,0,Y,No,25,3,4,80,3,5,5,4,1,1,1,1,<₹4K,<2 years,26–35
35,No,Travel_Rarely,1400,Sales,13,4,Technical Degree,1,714,2,Female,69,4,2,Sales Executive,3,Married,6475,25963,4,Y,No,20,3,4,80,3,14,0,1,8,3,1,3,₹4K–₹7K,6–10 years,26–35
41,No,Travel_Rarely,949,Sales,17,4,Medical,1,715,1,Female,40,2,1,Sales Representative,4,Single,5742,21363,1,Y,Yes,15,3,1,80,1,12,3,2,5,2,1,0,₹4K–₹7K,4–5 years,36–45
34,No,Travel_Rarely,721,Research & Development,12,4,Medical,1,716,2,Female,43,2,3,Research Director,1,Single,8078,15019,3,Y,No,25,4,2,80,2,7,6,4,7,5,2,4,₹7K–₹12K,6–10 years,26–35
38,No,Travel_Frequently,1459,Human Resources,26,5,Technical Degree,1,717,1,Male,36,1,3,Manager,3,Married,8471,7672,5,Y,Yes,22,3,4,80,3,11,5,1,6,1,1,0,₹7K–₹12K,6–10 years,36–45
28,No,Travel_Rarely,502,Sales,11,1,Life Sciences,1,718,2,Male,37,3,5,Manager,4,Single,11027,23380,3,Y,No,19,3,3,80,1,11,5,4,3,2,0,0,₹7K–₹12K,2–3 years,26–35
38,No,Travel_Frequently,936,Sales,2,1,Life Sciences,1,719,4,Male,62,2,4,Sales Executive,2,Single,12666,19441,2,Y,No,23,3,2,80,2,15,5,4,10,2,1,0,₹12K+,6–10 years,36–45
29,No,Travel_Rarely,482,Research & Development,8,5,Life Sciences,1,720,1,Male,38,2,3,Research Scientist,1,Divorced,9544,19725,4,Y,No,23,3,1,80,3,6,2,1,4,4,0,2,₹7K–₹12K,4–5 years,26–35
25,No,Travel_Rarely,1218,Research & Development,12,4,Life Sciences,1,721,4,Female,61,4,5,Manager,2,Single,9948,6730,1,Y,No,17,3,2,80,3,0,2,2,0,0,0,0,₹7K–₹12K,<2 years,18–25
51,No,Travel_Rarely,726,Human Resources,10,5,Marketing,1,722,3,Female,41,2,4,Manager,1,Single,12588,3606,2,Y,No,13,3,2,80,1,19,6,3,10,6,5,4,₹12K+,6–10 years,46–60
30,No,Travel_Rarely,986,Research & Development,18,2,Life Sciences,1,723,1,Male,65,4,3,Healthcare Representative,3,Married,7317,2936,2,Y,Yes,12,4,1,80,0,5,0,1,5,0,5,0,₹7K–₹12K,4–5 years,26–35
55,No,Travel_Rarely,238,Research & Development,3,3,Life Sciences,1,724,2,Male,45,1,4,Research Director,4,Divorced,12697,26068,6,Y,Yes,23,3,2,80,3,23,1,2,19,6,8,6,₹12K+,10+ years,46–60
37,No,Non-Travel,1119,Human Resources,10,3,Life Sciences,1,725,3,Male,33,1,4,Manager,4,Single,9791,10582,1,Y,No,21,3,2,80,0,15,0,2,12,8,2,7,₹7K–₹12K,10+ years,36–45
29,No,Travel_Rarely,188,Research & Development,7,4,Medical,1,726,3,Female,73,3,3,Manager,3,Divorced,7692,3391,1,Y,No,19,3,3,80,3,2,5,4,1,0,1,0,₹7K–₹12K,<2 years,26–35
38,No,Travel_Rarely,204,Research & Development,23,4,Life Sciences,1,727,2,Female,93,4,5,Manufacturing Director,3,Single,12521,6345,5,Y,No,16,3,1,80,3,14,4,4,12,6,5,2,₹12K+,10+ years,36–45
43,No,Non-Travel,1228,Sales,29,1,Medical,1,728,4,Female,37,2,3,Manager,3,Married,9029,14837,1,Y,No,12,3,4,80,3,17,5,1,17,4,5,3,₹7K–₹12K,10+ years,36–45
50,No,Travel_Frequently,1367,Research & Development,13,4,Medical,1,729,3,Male,58,2,1,Manufacturing Director,2,Married,5984,16519,1,Y,No,11,3,4,80,0,24,4,2,16,9,4,7,₹4K–₹7K,10+ years,46–60
29,No,Travel_Rarely,728,Research & Development,8,2,Life Sciences,1,730,1,Male,71,4,5,Manager,1,Single,9926,14693,0,Y,No,13,3,2,80,1,3,0,4,2,2,1,0,₹7K–₹12K,2–3 years,26–35
57,Yes,Travel_Frequently,926,Research & Development,8,3,Medical,1,731,4,Male,83,2,4,Manufacturing Director,4,Single,14095,4962,1,Y,Yes,22,4,2,80,0,15,1,1,12,6,6,4,₹12K+,10+ years,46–60
32,No,Travel_Rarely,714,Sales,7,4,Life Sciences,1,732,2,Female,40,1,3,Sales Representative,1,Married,6340,16294,1,Y,Yes,12,3,4,80,1,7,2,4,7,5,4,3,₹4K–₹7K,6–10 years,26–35
20,No,Travel_Rarely,726,Sales,5,1,Marketing,1,733,4,Male,46,2,2,Sales Executive,2,Divorced,4447,21910,3,Y,Yes,24,4,3,80,2,4,1,3,2,2,0,1,₹4K–₹7K,2–3 years,18–25
24,No,Travel_Rarely,846,Research & Development,11,4,Life Sciences,1,734,4,Male,50,1,1,Healthcare Representative,3,Married,4597,22065,2,Y,No,24,3,4,80,2,8,1,4,8,1,3,1,₹4K–₹7K,6–10 years,18–25
40,No,Travel_Rarely,455,Research & Development,10,1,Marketing,1,735,1,Male,34,4,3,Research Scientist,4,Married,8598,25382,3,Y,No,24,4,3,80,1,12,1,2,3,2,0,1,₹7K–₹12K,2–3 years,36–45
28,No,Travel_Rarely,1445,Research & Development,8,5,Life Sciences,1,736,2,Male,79,1,1,Laboratory Technician,1,Married,4367,25234,1,Y,Yes,19,3,4,80,0,3,4,2,0,0,0,0,₹4K–₹7K,<2 years,26–35
40,No,Travel_Rarely,810,Research & Development,12,4,Life Sciences,1,737,1,Male,89,4,5,Manager,3,Married,12236,20520,7,Y,Yes,13,3,2,80,0,8,3,2,6,1,1,0,₹12K+,6–10 years,36–45
32,No,Travel_Frequently,992,Research & Development,4,1,Medical,1,738,4,Male,99,2,3,Manager,1,Single,8270,23714,1,Y,Yes,17,3,1,80,0,6,5,1,5,5,4,5,₹7K–₹12K,4–5 years,26–35
20,No,Travel_Rarely,1222,Research & Development,2,5,Life Sciences,1,739,1,Female,52,2,3,Research Director,1,Single,5511,3415,1,Y,Yes,18,3,2,80,1,3,6,2,3,0,0,0,₹4K–₹7K,2–3 years,18–25
34,No,Travel_Rarely,473,Human Resources,12,5,Marketing,1,740,1,Male,98,2,2,Human Resources,4,Married,7392,21244,4,Y,Yes,25,4,2,80,0,9,2,1,3,0,1,0,₹7K–₹12K,2–3 years,26–35
35,No,Travel_Rarely,1081,Research & Development,3,2,Life Sciences,1,741,4,Male,54,3,4,Laboratory Technician,4,Divorced,10445,7427,3,Y,No,11,3,2,80,0,5,4,4,4,4,0,1,₹7K–₹12K,4–5 years,26–35
34,No,Travel_Rarely,330,Research & Development,10,2,Technical Degree,1,742,3,Male,85,2,2,Healthcare Representative,3,Married,6874,11404,2,Y,No,21,3,4,80,1,8,0,1,5,4,0,4,₹4K–₹7K,4–5 years,26–35
34,No,Travel_Rarely,881,Sales,20,4,Marketing,1,743,3,Male,42,2,4,Manager,2,Divorced,11028,8885,1,Y,Yes,20,3,4,80,3,15,1,4,13,2,4,1,₹7K–₹12K,10+ years,26–35
42,No,Travel_Rarely,656,Research & Development,5,1,Life Sciences,1,744,3,Male,35,3,2,Healthcare Representative,2,Divorced,6316,5890,0,Y,Yes,24,3,2,80,1,12,0,4,4,0,0,0,₹4K–₹7K,4–5 years,36–45
45,No,Travel_Rarely,951,Research & Development,10,4,Medical,1,745,1,Female,40,4,3,Laboratory Technician,4,Married,10005,19496,5,Y,No,17,3,1,80,0,10,5,4,6,2,0,2,₹7K–₹12K,6–10 years,36–45
45,No,Travel_Rarely,479,Sales,11,4,Marketing,1,746,3,Male,41,3,4,Manager,1,Divorced,10961,19044,2,Y,Yes,15,4,1,80,3,15,0,3,10,3,2,2,₹7K–₹12K,6–10 years,36–45
34,Yes,Travel_Rarely,531,Sales,11,3,Life Sciences,1,747,4,Female,70,4,2,Sales Executive,2,Married,6140,13268,2,Y,Yes,21,3,4,80,3,11,0,2,8,5,5,3,₹4K–₹7K,6–10 years,26–35
45,No,Travel_Rarely,1073,Sales,11,4,Marketing,1,748,4,Female,33,4,1,Sales Representative,4,Married,4278,2229,4,Y,Yes,24,4,2,80,0,12,1,4,12,6,8,6,₹4K–₹7K,10+ years,36–45
40,No,Travel_Rarely,1128,Research & Development,13,3,Medical,1,749,1,Male,50,1,4,Research Scientist,2,Single,11006,11754,1,Y,Yes,14,3,3,80,2,10,4,3,3,1,3,0,₹7K–₹12K,2–3 years,36–45
44,No,Travel_Frequently,261,Research & Development,11,2,Life Sciences,1,750,4,Male,39,3,3,Manufacturing Director,1,Single,10085,16748,1,Y,Yes,22,3,2,80,1,9,4,4,3,1,0,1,₹7K–₹12K,2–3 years,36–45
47,No,Travel_Rarely,444,Research & Development,11,1,Life Sciences,1,751,2,Male,66,4,2,Laboratory Technician,3,Married,7611,7939,7,Y,No,20,3,4,80,0,17,1,4,9,1,8,1,₹7K–₹12K,6–10 years,46–60
41,No,Travel_Rarely,1350,Sales,11,3,Life Sciences,1,752,4,Male,72,2,2,Sales Representative,2,Divorced,6718,17379,2,Y,Yes,19,4,2,80,3,16,1,2,14,11,4,8,₹4K–₹7K,10+ years,36–45
40,No,Travel_Rarely,576,Research & Development,16,5,Life Sciences,1,753,4,Female,91,3,3,Healthcare Representative,2,Divorced,8608,4829,0,Y,No,21,3,2,80,0,15,3,1,10,5,5,5,₹7K–₹12K,6–10 years,36–45
24,Yes,Travel_Rarely,1281,Research & Development,15,2,Marketing,1,754,2,Male,84,1,3,Manufacturing Director,2,Married,6277,16417,1,Y,Yes,25,3,1,80,0,9,1,2,6,2,2,0,₹4K–₹7K,6–10 years,18–25
38,No,Travel_Rarely,1239,Research & Development,14,3,Life Sciences,1,755,4,Male,32,3,2,Laboratory Technician,2,Divorced,6353,19473,4,Y,No,20,3,3,80,1,8,1,1,7,4,2,3,₹4K–₹7K,6–10 years,36–45
37,No,Non-Travel,1486,Research & Development,10,1,Life Sciences,1,756,1,Female,33,2,2,Laboratory Technician,2,Divorced,6274,8232,3,Y,No,15,3,1,80,2,16,6,3,14,4,3,4,₹4K–₹7K,10+ years,36–45
34,No,Travel_Frequently,1269,Research & Development,8,4,Life Sciences,1,757,3,Female,50,1,4,Research Director,3,Single,10462,20218,1,Y,No,22,3,3,80,2,3,5,3,3,3,0,1,₹7K–₹12K,2–3 years,26–35
37,No,Travel_Rarely,1290,Research & Development,6,4,Life Sciences,1,758,4,Male,37,2,4,Healthcare Representative,3,Married,10242,6087,1,Y,No,17,3,2,80,2,6,4,1,2,0,2,0,₹7K–₹12K,2–3 years,36–45
47,No,Non-Travel,577,Research & Development,16,2,Medical,1,759,2,Female,96,4,2,Healthcare Representative,2,Divorced,7880,23643,3,Y,No,16,3,3,80,1,18,3,4,2,2,2,0,₹7K–₹12K,2–3 years,46–60
36,No,Travel_Rarely,866,Sales,11,5,Marketing,1,760,1,Male,63,2,4,Manager,2,Single,9976,5492,2,Y,No,16,4,3,80,1,4,3,1,4,2,2,1,₹7K–₹12K,4–5 years,36–45
43,No,Travel_Frequently,125,Research & Development,7,1,Life Sciences,1,761,4,Female,36,3,2,Manufacturing Director,3,Married,8203,11063,6,Y,Yes,19,3,3,80,2,10,6,3,6,1,2,0,₹7K–₹12K,6–10 years,36–45
39,No,Travel_Rarely,831,Sales,26,2,Medical,1,762,1,Male,91,4,3,Sales Representative,4,Single,8091,8384,2,Y,No,24,3,1,80,1,15,5,1,11,2,5,2,₹7K–₹12K,10+ years,36–45
44,No,Travel_Rarely,1004,Research & Development,5,1,Life Sciences,1,763,2,Female,97,1,3,Manufacturing Director,1,Divorced,9048,8247,4,Y,No,14,3,4,80,1,14,3,1,10,0,6,0,₹7K–₹12K,6–10 years,36–45
53,Yes,Travel_Rarely,879,Research & Development,15,5,Life Sciences,1,764,2,Male,97,1,4,Manufacturing Director,3,Married,12811,20703,1,Y,No,13,3,1,80,0,30,2,3,26,16,2,12,₹12K+,10+ years,46–60
50,No,Travel_Rarely,724,Sales,28,1,Marketing,1,765,4,Female,93,2,5,Sales Representative,2,Married,13233,15568,4,Y,No,22,3,1,80,1,10,4,1,10,3,1,3,₹12K+,6–10 years,46–60
43,No,Travel_Frequently,498,Research & Development,8,5,Medical,1,766,2,Male,73,3,4,Healthcare Representative,4,Divorced,11124,19275,0,Y,No,16,3,3,80,3,18,4,3,12,3,1,3,₹7K–₹12K,10+ years,36–45
38,No,Travel_Rarely,1412,Sales,2,5,Marketing,1,767,4,Female,77,2,3,Manager,4,Single,7873,3522,4,Y,Yes,23,3,1,80,0,9,3,4,9,5,2,3,₹7K–₹12K,6–10 years,36–45
28,No,Travel_Frequently,493,Research & Development,19,4,Life Sciences,1,768,4,Male,77,3,1,Laboratory Technician,3,Divorced,3579,4420,1,Y,No,14,3,4,80,1,11,0,1,5,4,2,4,<₹4K,4–5 years,26–35
25,No,Travel_Rarely,234,Research & Development,26,5,Human Resources,1,769,3,Female,58,4,3,Healthcare Representative,2,Married,8421,11763,1,Y,Yes,15,4,1,80,1,3,2,2,1,0,0,0,₹7K–₹12K,<2 years,18–25
25,No,Travel_Rarely,1428,Sales,9,2,Life Sciences,1,770,3,Male,68,2,3,Manager,2,Married,7723,4708,1,Y,No,14,3,1,80,0,1,4,3,1,0,1,0,₹7K–₹12K,<2 years,18–25
56,No,Travel_Rarely,1225,Research & Development,1,5,Marketing,1,771,3,Female,80,2,3,Laboratory Technician,2,Married,9724,4802,2,Y,No,22,3,3,80,0,18,0,2,12,5,1,4,₹7K–₹12K,10+ years,46–60
54,No,Travel_Frequently,1417,Research & Development,23,1,Life Sciences,1,772,4,Female,40,1,2,Manager,4,Divorced,8751,19745,3,Y,No,22,3,3,80,2,21,3,2,10,9,2,4,₹7K–₹12K,6–10 years,46–60
32,No,Travel_Rarely,154,Research & Development,4,5,Medical,1,773,1,Male,65,2,5,Healthcare Representative,3,Married,10630,4692,2,Y,No,23,3,1,80,1,7,4,3,3,3,3,3,₹7K–₹12K,2–3 years,26–35
45,No,Travel_Rarely,470,Research & Development,10,2,Life Sciences,1,774,1,Female,91,1,4,Laboratory Technician,3,Divorced,9307,25065,3,Y,Yes,15,3,1,80,2,21,3,1,19,6,10,3,₹7K–₹12K,10+ years,36–45
41,No,Travel_Rarely,241,Sales,9,2,Technical Degree,1,775,3,Male,74,2,2,Sales Executive,4,Divorced,7137,22066,2,Y,No,13,3,1,80,2,5,2,2,5,1,3,1,₹7K–₹12K,4–5 years,36–45
40,No,Travel_Rarely,935,Sales,9,1,Technical Degree,1,776,3,Male,68,2,1,Sales Executive,3,Divorced,5429,5177,2,Y,No,12,3,1,80,3,17,2,2,13,9,3,7,₹4K–₹7K,10+ years,36–45
53,No,Travel_Rarely,402,Research & Development,12,4,Medical,1,777,2,Female,97,4,2,Manufacturing Director,1,Married,7991,12634,6,Y,No,11,3,3,80,0,24,3,2,22,13,5,12,₹7K–₹12K,10+ years,46–60
36,No,Travel_Rarely,1368,Research & Development,5,1,Medical,1,778,2,Female,65,2,4,Manager,2,Single,10569,21805,5,Y,No,16,3,3,80,3,6,1,1,5,1,0,1,₹7K–₹12K,4–5 years,36–45
28,No,Travel_Rarely,1199,Sales,2,2,Marketing,1,779,3,Female,59,3,4,Sales Representative,1,Married,8883,8985,2,Y,No,17,3,2,80,0,3,6,3,3,0,0,0,₹7K–₹12K,2–3 years,26–35
39,No,Non-Travel,446,Research & Development,5,3,Medical,1,780,2,Female,74,1,3,Manufacturing Director,2,Married,7236,21493,1,Y,No,14,3,1,80,1,13,1,3,8,4,2,3,₹7K–₹12K,6–10 years,36–45
29,No,Travel_Rarely,388,Research & Development,19,2,Medical,1,781,1,Male,55,2,5,Manager,3,Single,10795,16288,2,Y,No,12,4,3,80,3,3,3,3,0,0,0,0,₹7K–₹12K,<2 years,26–35
49,No,Travel_Frequently,1313,Sales,23,4,Life Sciences,1,782,2,Female,86,1,3,Sales Representative,2,Married,7677,9125,0,Y,No,17,3,1,80,2,15,6,3,7,0,2,0,₹7K–₹12K,6–10 years,46–60
37,Yes,Non-Travel,228,Research & Development,1,1,Life Sciences,1,783,1,Male,89,3,1,Laboratory Technician,1,Married,5063,25719,3,Y,Yes,17,3,3,80,0,12,2,3,5,5,1,2,₹4K–₹7K,4–5 years,36–45
31,No,Non-Travel,208,Research & Development,20,1,Marketing,1,784,3,Male,37,1,4,Research Director,3,Divorced,8874,21662,0,Y,No,19,4,4,80,3,3,1,1,0,0,0,0,₹7K–₹12K,<2 years,26–35
41,No,Non-Travel,1455,Research & Development,1,1,Technical Degree,1,785,1,Male,76,3,4,Healthcare Representative,3,Married,11324,17173,1,Y,Yes,15,3,4,80,2,14,5,2,10,4,5,3,₹7K–₹12K,6–10 years,36–45
39,Yes,Travel_Frequently,1279,Sales,24,3,Marketing,1,786,3,Female,55,2,3,Sales Executive,4,Divorced,7910,20922,3,Y,No,21,3,2,80,0,16,5,4,9,5,7,3,₹7K–₹12K,6–10 years,36–45
29,Yes,Travel_Rarely,784,Research & Development,17,2,Life Sciences,1,787,2,Male,87,4,1,Research Scientist,3,Divorced,4869,3540,4,Y,No,15,3,2,80,1,5,4,2,5,4,3,4,₹4K–₹7K,4–5 years,26–35
26,No,Travel_Rarely,381,Sales,15,3,Medical,1,788,2,Male,33,1,3,Sales Representative,1,Married,7157,2541,3,Y,Yes,16,4,2,80,3,0,6,4,0,0,0,0,₹7K–₹12K,<2 years,26–35
50,No,Travel_Frequently,531,Sales,9,4,Medical,1,789,4,Female,44,4,5,Manager,4,Divorced,14088,21887,2,Y,No,13,4,4,80,2,15,2,3,14,6,1,2,₹12K+,10+ years,46–60
45,No,Travel_Rarely,936,Sales,19,3,Marketing,1,790,4,Female,72,1,3,Manager,2,Married,7637,23118,2,Y,No,23,3,4,80,2,22,5,1,14,12,2,8,₹7K–₹12K,10+ years,36–45
35,No,Travel_Rarely,810,Sales,19,5,Medical,1,791,1,Female,52,1,2,Sales Representative,4,Divorced,8732,20600,3,Y,Yes,14,4,4,80,0,6,1,1,6,5,0,2,₹7K–₹12K,6–10 years,26–35
57,Yes,Travel_Rarely,348,Human Resources,5,3,Medical,1,792,1,Male,70,1,3,Human Resources,2,Single,10283,18147,3,Y,Yes,25,3,4,80,0,21,1,4,10,0,3,0,₹7K–₹12K,6–10 years,46–60
39,No,Travel_Rarely,199,Research & Development,3,5,Medical,1,793,3,Female,64,2,3,Research Scientist,2,Single,9342,11403,1,Y,No,25,3,4,80,2,21,4,3,10,4,5,2,₹7K–₹12K,6–10 years,36–45
49,No,Travel_Rarely,124,Research & Development,26,3,Life Sciences,1,794,1,Female,42,3,3,Manufacturing Director,3,Married,8219,24191,0,Y,No,17,3,4,80,1,14,1,4,9,3,3,1,₹7K–₹12K,6–10 years,46–60
34,No,Travel_Frequently,1150,Sales,18,1,Life Sciences,1,795,2,Male,37,1,3,Sales Representative,2,Married,7389,5786,2,Y,Yes,24,3,1,80,0,11,4,3,0,0,0,0,₹7K–₹12K,<2 years,26–35
34,No,Travel_Rarely,1197,Research & Development,16,4,Life Sciences,1,796,3,Male,39,4,3,Research Director,3,Married,6035,5280,0,Y,Yes,20,3,3,80,3,1,6,2,0,0,0,0,₹4K–₹7K,<2 years,26–35
27,No,Travel_Frequently,1181,Research & Development,1,2,Medical,1,797,3,Male,41,3,3,Manager,4,Married,7448,9676,1,Y,Yes,23,3,4,80,3,3,1,1,3,0,0,0,₹7K–₹12K,2–3 years,26–35
29,No,Travel_Rarely,1390,Research & Development,4,3,Medical,1,798,4,Male,77,2,2,Manager,3,Married,5783,12435,3,Y,No,15,3,3,80,3,10,5,4,3,0,2,0,₹4K–₹7K,2–3 years,26–35
33,No,Travel_Rarely,604,Research & Development,3,1,Life Sciences,1,799,1,Male,65,1,2,Laboratory Technician,2,Married,7474,19178,0,Y,No,18,3,4,80,2,11,0,4,9,1,4,1,₹7K–₹12K,6–10 years,26–35
37,Yes,Travel_Frequently,1144,Research & Development,13,3,Medical,1,800,4,Male,52,2,2,Healthcare Representative,1,Married,4091,6163,5,Y,Yes,17,3,4,80,3,7,0,2,0,0,0,0,₹4K–₹7K,<2 years,36–45
24,No,Travel_Rarely,245,Research & Development,19,5,Medical,1,801,2,Male,76,2,1,Research Scientist,1,Single,4344,24524,2,Y,No,12,3,3,80,3,0,5,3,0,0,0,0,₹4K–₹7K,<2 years,18–25
41,No,Travel_Rarely,1217,Sales,2,2,Life Sciences,1,802,4,Male,41,2,2,Sales Representative,2,Married,4866,24803,2,Y,Yes,18,3,1,80,3,11,0,2,3,3,1,3,₹4K–₹7K,2–3 years,36–45
21,No,Non-Travel,413,Research & Development,3,4,Life Sciences,1,803,2,Male,61,1,5,Healthcare Representative,4,Divorced,10559,7498,1,Y,No,15,3,2,80,0,1,6,1,0,0,0,0,₹7K–₹12K,<2 years,18–25
40,No,Travel_Rarely,900,Research & Development,18,2,Medical,1,804,3,Male,48,3,2,Research Scientist,1,Married,6006,19890,0,Y,No,17,3,4,80,3,8,5,2,0,0,0,0,₹4K–₹7K,<2 years,36–45
34,No,Non-Travel,460,Research & Development,8,2,Medical,1,805,2,Male,96,3,5,Manager,2,Single,11882,22024,3,Y,No,24,4,4,80,3,9,5,1,5,3,2,3,₹7K–₹12K,4–5 years,26–35
34,No,Travel_Rarely,293,Research & Development,19,4,Marketing,1,806,2,Male,64,3,4,Healthcare Representative,2,Married,9871,15901,1,Y,No,14,3,4,80,0,12,1,1,7,5,0,3,₹7K–₹12K,6–10 years,26–35
22,No,Travel_Rarely,672,Research & Development,12,4,Marketing,1,807,2,Male,36,3,4,Manufacturing Director,2,Divorced,9280,2021,1,Y,No,16,3,4,80,3,11,1,4,6,0,0,0,₹7K–₹12K,6–10 years,18–25
37,No,Travel_Frequently,655,Research & Development,17,1,Life Sciences,1,808,2,Male,50,3,3,Manufacturing Director,2,Divorced,9270,19292,3,Y,No,15,3,3,80,1,7,4,4,2,0,0,0,₹7K–₹12K,2–3 years,36–45
49,No,Travel_Rarely,1029,Research & Development,14,5,Medical,1,809,4,Male,89,2,5,Manager,3,Single,14560,11297,2,Y,No,24,4,3,80,3,12,1,3,4,4,0,4,₹12K+,4–5 years,46–60
44,No,Travel_Rarely,1260,Sales,9,1,Life Sciences,1,810,3,Female,86,4,3,Manager,1,Married,8203,16039,1,Y,No,21,3,1,80,0,13,6,4,10,6,1,3,₹7K–₹12K,6–10 years,36–45
48,No,Travel_Rarely,535,Sales,3,4,Medical,1,811,1,Female,50,2,4,Manager,4,Married,10309,24393,6,Y,Yes,18,4,2,80,1,23,3,2,15,5,6,2,₹7K–₹12K,10+ years,46–60
32,No,Travel_Rarely,1245,Human Resources,9,4,Marketing,1,812,3,Female,42,2,1,Human Resources,1,Divorced,3930,5926,2,Y,Yes,23,3,3,80,3,2,0,3,2,2,1,0,<₹4K,2–3 years,26–35
41,No,Travel_Rarely,533,Sales,17,4,Medical,1,813,2,Male,84,2,2,Sales Representative,1,Single,6362,5017,5,Y,No,25,3,3,80,1,14,6,3,3,3,1,3,₹4K–₹7K,2–3 years,36–45
29,Yes,Travel_Frequently,698,Research & Development,10,3,Marketing,1,814,2,Male,40,3,3,Research Scientist,1,Married,9100,21691,2,Y,Yes,22,3,3,80,0,8,5,1,4,0,0,0,₹7K–₹12K,4–5 years,26–35
44,Yes,Travel_Rarely,1151,Sales,29,3,Medical,1,815,1,Male,50,4,4,Manager,1,Married,9386,15653,2,Y,No,11,3,1,80,0,13,3,1,5,5,1,5,₹7K–₹12K,4–5 years,36–45
35,No,Travel_Rarely,301,Sales,13,3,Medical,1,816,2,Male,91,2,5,Manager,4,Married,11689,12926,0,Y,No,19,4,4,80,3,11,0,3,1,0,0,0,₹7K–₹12K,<2 years,26–35
35,Yes,Non-Travel,1346,Research & Development,16,5,Life Sciences,1,817,2,Female,61,3,2,Healthcare Representative,4,Married,6522,9335,3,Y,No,24,4,1,80,1,6,5,4,6,2,2,1,₹4K–₹7K,6–10 years,26–35
43,No,Travel_Rarely,311,Sales,12,4,Life Sciences,1,818,1,Male,77,2,4,Manager,3,Divorced,10437,3660,3,Y,No,13,4,2,80,1,12,0,3,12,2,2,0,₹7K–₹12K,10+ years,36–45
46,No,Travel_Rarely,392,Research & Development,2,4,Medical,1,819,4,Male,66,4,2,Research Scientist,1,Married,4598,10079,3,Y,No,11,3,4,80,0,16,3,3,7,6,3,6,₹4K–₹7K,6–10 years,46–60
46,Yes,Travel_Rarely,1096,Research & Development,16,3,Life Sciences,1,820,1,Male,90,2,1,Research Scientist,4,Divorced,5044,23344,2,Y,Yes,18,3,1,80,3,15,3,3,14,7,3,4,₹4K–₹7K,10+ years,46–60
43,No,Travel_Rarely,1465,Sales,8,2,Marketing,1,821,3,Male,48,2,3,Sales Representative,2,Single,9585,18421,1,Y,No,19,3,1,80,2,13,3,1,0,0,0,0,₹7K–₹12K,<2 years,36–45
34,No,Travel_Frequently,1226,Research & Development,20,4,Marketing,1,822,1,Male,39,3,3,Research Director,4,Divorced,7671,19445,0,Y,No,21,3,3,80,0,3,2,2,0,0,0,0,₹7K–₹12K,<2 years,26–35
18,Yes,Travel_Rarely,551,Sales,14,1,Life Sciences,1,823,1,Female,62,1,5,Manager,1,Single,10753,14145,3,Y,Yes,13,4,3,80,0,0,1,4,0,0,0,0,₹7K–₹12K,<2 years,18–25
45,No,Travel_Rarely,555,Research & Development,6,1,Marketing,1,824,4,Male,86,4,2,Research Scientist,1,Single,7146,11656,1,Y,Yes,24,3,2,80,0,13,2,2,7,1,1,1,₹7K–₹12K,6–10 years,36–45
25,No,Travel_Rarely,1031,Research & Development,17,2,Marketing,1,825,4,Male,49,3,3,Laboratory Technician,4,Divorced,7041,14521,1,Y,No,23,3,1,80,2,0,5,4,0,0,0,0,₹7K–₹12K,<2 years,18–25
35,No,Non-Travel,662,Research & Development,12,5,Marketing,1,826,1,Male,64,3,5,Manager,2,Married,13379,12875,1,Y,No,24,3,1,80,0,0,5,4,0,0,0,0,₹12K+,<2 years,26–35
37,No,Travel_Rarely,1453,Research & Development,4,2,Marketing,1,827,4,Female,44,2,3,Manager,3,Married,8790,21552,3,Y,No,19,3,1,80,1,5,4,2,4,0,0,0,₹7K–₹12K,4–5 years,36–45
41,No,Travel_Rarely,389,Research & Development,15,1,Life Sciences,1,828,2,Female,79,2,2,Healthcare Representative,2,Married,7080,5933,2,Y,Yes,14,3,3,80,1,10,0,1,9,7,1,7,₹7K–₹12K,6–10 years,36–45
39,No,Travel_Frequently,1381,Research & Development,25,1,Medical,1,829,1,Male,96,1,1,Healthcare Representative,2,Single,5803,6603,5,Y,No,21,3,2,80,2,11,0,3,9,2,3,0,₹4K–₹7K,6–10 years,36–45
47,No,Travel_Frequently,318,Research & Development,5,1,Other,1,830,3,Male,36,1,4,Manager,1,Divorced,10647,22029,2,Y,Yes,18,3,1,80,3,6,5,4,6,1,3,1,₹7K–₹12K,6–10 years,46–60
42,No,Travel_Rarely,452,Research & Development,5,3,Medical,1,831,2,Female,33,4,1,Research Scientist,2,Married,3409,11898,3,Y,No,15,4,2,80,2,11,4,1,6,1,2,1,<₹4K,6–10 years,36–45
45,No,Travel_Rarely,985,Research & Development,7,4,Life Sciences,1,832,3,Male,83,3,4,Manufacturing Director,4,Married,10539,13164,3,Y,No,16,4,3,80,2,20,3,1,5,0,1,0,₹7K–₹12K,4–5 years,36–45
19,No,Travel_Frequently,363,Research & Development,29,3,Technical Degree,1,833,3,Male,50,4,3,Manager,1,Single,6843,5075,1,Y,No,15,3,3,80,2,0,4,4,0,0,0,0,₹4K–₹7K,<2 years,18–25
48,Yes,Travel_Rarely,555,Research & Development,1,2,Medical,1,834,4,Male,70,1,3,Healthcare Representative,1,Married,8408,15334,2,Y,Yes,11,3,1,80,3,16,6,1,11,10,0,6,₹7K–₹12K,10+ years,46–60
52,No,Travel_Rarely,104,Human Resources,29,3,Marketing,1,835,2,Female,70,2,3,Manager,2,Married,9661,8119,4,Y,No,24,3,2,80,2,20,6,1,14,5,2,3,₹7K–₹12K,10+ years,46–60
49,No,Non-Travel,929,Sales,6,2,Technical Degree,1,836,1,Female,89,1,3,Manager,1,Married,7920,14914,4,Y,No,21,3,4,80,1,19,6,4,8,7,4,1,₹7K–₹12K,6–10 years,46–60
50,Yes,Travel_Rarely,1279,Research & Development,5,1,Medical,1,837,1,Male,35,2,3,Healthcare Representative,4,Married,10341,18848,3,Y,Yes,25,4,3,80,3,16,6,1,8,4,3,3,₹7K–₹12K,6–10 years,46–60
34,No,Travel_Frequently,419,Research & Development,7,4,Life Sciences,1,838,3,Female,74,1,5,Healthcare Representative,2,Divorced,12562,19910,1,Y,No,24,3,3,80,0,3,5,1,3,0,2,0,₹12K+,2–3 years,26–35
20,No,Non-Travel,753,Research & Development,23,3,Life Sciences,1,839,2,Male,63,2,3,Manufacturing Director,4,Married,7084,24231,2,Y,Yes,18,3,4,80,0,2,4,1,0,0,0,0,₹7K–₹12K,<2 years,18–25
54,No,Travel_Frequently,363,Sales,16,5,Marketing,1,840,2,Female,45,1,1,Sales Representative,4,Married,5653,21033,0,Y,No,19,3,4,80,3,13,5,3,7,1,2,0,₹4K–₹7K,6–10 years,46–60
44,No,Travel_Frequently,501,Sales,7,1,Technical Degree,1,841,2,Female,58,1,2,Sales Representative,1,Divorced,6481,25006,1,Y,Yes,17,3,1,80,3,15,1,3,15,10,5,2,₹4K–₹7K,10+ years,36–45
35,No,Non-Travel,980,Research & Development,24,2,Life Sciences,1,842,4,Male,68,1,2,Manufacturing Director,2,Married,5506,7504,4,Y,No,14,3,4,80,3,9,2,1,6,3,0,3,₹4K–₹7K,6–10 years,26–35
24,No,Travel_Rarely,400,Sales,9,3,Medical,1,843,1,Male,73,2,1,Manager,3,Married,3533,25180,6,Y,Yes,11,3,2,80,3,3,0,4,3,3,0,2,<₹4K,2–3 years,18–25
50,No,Travel_Rarely,652,Sales,7,1,Life Sciences,1,844,1,Female,62,1,2,Sales Executive,2,Married,8274,9564,1,Y,No,25,3,1,80,2,28,4,4,16,7,2,2,₹7K–₹12K,10+ years,46–60
27,No,Travel_Rarely,352,Sales,7,1,Technical Degree,1,845,2,Male,30,3,2,Sales Representative,4,Divorced,4505,9123,2,Y,No,11,3,4,80,1,17,6,3,9,5,0,2,₹4K–₹7K,6–10 years,26–35
45,No,Travel_Rarely,1020,Research & Development,4,2,Life Sciences,1,846,1,Female,60,4,2,Research Scientist,4,Married,6239,13851,3,Y,Yes,14,4,3,80,0,10,1,1,3,2,1,0,₹4K–₹7K,2–3 years,36–45
46,No,Travel_Rarely,544,Sales,12,4,Human Resources,1,847,2,Female,48,2,3,Manager,3,Married,8103,13531,2,Y,No,14,4,1,80,1,16,6,3,9,6,1,5,₹7K–₹12K,6–10 years,46–60
43,No,Travel_Rarely,951,Research & Development,14,2,Life Sciences,1,848,4,Male,73,3,3,Research Director,1,Single,7821,26099,0,Y,No,23,3,1,80,2,14,1,3,10,7,5,7,₹7K–₹12K,6–10 years,36–45
27,No,Travel_Rarely,1460,Sales,15,5,Medical,1,849,3,Male,79,2,5,Manager,1,Divorced,12269,13919,3,Y,No,22,4,4,80,1,5,2,4,5,2,3,0,₹12K+,4–5 years,26–35
28,No,Travel_Frequently,242,Research & Development,6,3,Technical Degree,1,850,2,Male,69,3,4,Research Director,2,Married,9399,9073,1,Y,No,15,3,1,80,3,8,5,2,7,5,0,5,₹7K–₹12K,6–10 years,26–35
51,No,Travel_Frequently,878,Research & Development,10,2,Life Sciences,1,851,1,Male,98,1,4,Manufacturing Director,2,Married,12438,25487,1,Y,No,19,3,3,80,2,15,0,3,7,4,0,3,₹12K+,6–10 years,46–60
43,No,Travel_Rarely,554,Research & Development,7,5,Medical,1,852,4,Female,62,3,4,Research Director,2,Divorced,11556,2447,2,Y,No,24,3,2,80,2,18,2,4,11,9,2,5,₹7K–₹12K,10+ years,36–45
40,No,Non-Travel,159,Sales,5,1,Human Resources,1,853,1,Female,80,3,4,Sales Representative,4,Divorced,10636,17866,2,Y,No,15,4,1,80,0,8,0,2,5,3,4,3,₹7K–₹12K,4–5 years,36–45
51,No,Travel_Rarely,697,Sales,6,1,Other,1,854,3,Male,74,2,3,Sales Representative,1,Single,9038,15962,1,Y,No,20,3,2,80,1,13,6,1,11,7,2,5,₹7K–₹12K,10+ years,46–60
45,No,Travel_Rarely,350,Research & Development,20,1,Other,1,855,1,Female,62,3,5,Manufacturing Director,1,Single,13962,20886,1,Y,No,11,3,3,80,0,15,4,1,12,6,0,5,₹12K+,10+ years,36–45
42,Yes,Travel_Rarely,102,Sales,5,2,Medical,1,856,1,Male,80,4,5,Manager,2,Married,12181,4231,1,Y,Yes,17,3,3,80,0,12,4,4,5,4,0,0,₹12K+,4–5 years,36–45
21,No,Travel_Rarely,283,Human Resources,5,2,Marketing,1,857,2,Female,61,3,3,Human Resources,4,Single,5380,5357,2,Y,Yes,11,3,4,80,3,4,6,3,0,0,0,0,₹4K–₹7K,<2 years,18–25
23,No,Travel_Frequently,824,Research & Development,19,1,Marketing,1,858,2,Female,88,1,1,Research Director,2,Single,4334,26764,1,Y,No,18,3,1,80,0,4,0,3,3,3,0,0,₹4K–₹7K,2–3 years,18–25
40,No,Travel_Rarely,683,Research & Development,8,3,Medical,1,859,3,Female,77,3,4,Manager,3,Divorced,10195,6727,6,Y,Yes,16,3,2,80,3,11,2,2,11,5,3,0,₹7K–₹12K,10+ years,36–45
52,No,Travel_Rarely,348,Sales,6,2,Marketing,1,860,1,Male,63,3,5,Manager,3,Married,13444,23679,1,Y,Yes,18,4,2,80,1,18,3,3,9,6,4,6,₹12K+,6–10 years,46–60
52,No,Travel_Frequently,646,Research & Development,7,5,Life Sciences,1,861,2,Male,63,4,2,Healthcare Representative,1,Single,6845,8567,2,Y,No,18,3,2,80,3,19,6,3,16,8,8,8,₹4K–₹7K,10+ years,46–60
48,No,Travel_Frequently,1232,Research & Development,18,5,Technical Degree,1,862,2,Male,49,4,4,Manager,3,Married,9256,12394,2,Y,Yes,16,3,3,80,0,11,2,1,3,3,3,0,₹7K–₹12K,2–3 years,46–60
32,No,Non-Travel,201,Human Resources,3,5,Marketing,1,863,1,Female,40,4,3,Human Resources,3,Married,7440,8312,3,Y,No,17,4,3,80,1,10,6,3,10,5,5,5,₹7K–₹12K,6–10 years,26–35
31,No,Non-Travel,407,Sales,4,2,Life Sciences,1,864,4,Male,30,1,2,Sales Representative,1,Single,6415,26796,3,Y,Yes,18,4,3,80,2,12,2,2,12,6,3,4,₹4K–₹7K,10+ years,26–35
42,No,Travel_Rarely,425,Research & Development,7,2,Life Sciences,1,865,3,Female,56,1,3,Healthcare Representative,1,Single,7932,21915,2,Y,No,17,3,3,80,2,12,3,3,9,5,4,0,₹7K–₹12K,6–10 years,36–45
25,No,Travel_Rarely,1025,Research & Development,17,2,Marketing,1,866,4,Female,48,3,1,Manufacturing Director,2,Married,2408,14322,1,Y,No,13,4,3,80,1,4,5,3,2,2,1,0,<₹4K,2–3 years,18–25
48,No,Travel_Rarely,1462,Research & Development,7,1,Medical,1,867,4,Male,95,3,1,Laboratory Technician,1,Married,5092,9423,3,Y,No,14,3,1,80,1,19,0,1,14,8,6,8,₹4K–₹7K,10+ years,46–60
39,Yes,Travel_Rarely,241,Research & Development,29,1,Medical,1,868,2,Male,65,4,3,Research Director,1,Single,6764,21311,3,Y,No,15,3,3,80,1,13,5,2,3,3,3,3,₹4K–₹7K,2–3 years,36–45
48,No,Travel_Rarely,718,Research & Development,13,4,Medical,1,869,1,Male,41,2,2,Research Scientist,1,Married,6161,4816,7,Y,No,20,3,3,80,1,16,5,4,16,5,12,5,₹4K–₹7K,10+ years,46–60
33,No,Non-Travel,977,Research & Development,9,2,Medical,1,870,3,Female,85,1,4,Manufacturing Director,4,Married,9011,25386,4,Y,No,13,3,4,80,0,2,0,4,2,0,0,0,₹7K–₹12K,2–3 years,26–35
30,No,Travel_Frequently,321,Sales,8,4,Life Sciences,1,871,3,Male,66,3,1,Manager,1,Married,4145,24214,4,Y,No,19,3,2,80,1,7,5,1,7,5,0,2,₹4K–₹7K,6–10 years,26–35
28,Yes,Travel_Frequently,685,Research & Development,26,2,Medical,1,872,4,Female,59,3,1,Research Scientist,3,Married,2812,4736,1,Y,Yes,17,3,2,80,3,3,6,4,0,0,0,0,<₹4K,<2 years,26–35
40,No,Travel_Frequently,990,Human Resources,6,4,Medical,1,873,4,Male,39,4,3,Manager,2,Married,8110,9916,2,Y,Yes,14,3,1,80,0,14,4,1,7,5,0,4,₹7K–₹12K,6–10 years,36–45
40,No,Non-Travel,287,Research & Development,13,4,Life Sciences,1,874,2,Female,42,1,3,Laboratory Technician,4,Single,7614,8502,5,Y,No,16,4,3,80,2,16,2,3,2,0,2,0,₹7K–₹12K,2–3 years,36–45
37,No,Travel_Rarely,804,Research & Development,6,4,Human Resources,1,875,1,Male,93,2,3,Healthcare Representative,3,Married,7750,24272,2,Y,Yes,17,3,1,80,1,7,2,2,7,3,0,0,₹7K–₹12K,6–10 years,36–45
46,Yes,Travel_Rarely,1350,Sales,11,1,Life Sciences,1,876,2,Male,33,1,2,Sales Executive,2,Single,6896,14072,2,Y,Yes,22,3,1,80,0,16,4,3,10,6,1,6,₹4K–₹7K,6–10 years,46–60
46,No,Travel_Rarely,139,Research & Development,29,5,Marketing,1,877,3,Female,32,2,5,Manufacturing Director,4,Single,11934,14766,1,Y,No,14,3,3,80,1,12,2,2,11,0,0,0,₹7K–₹12K,10+ years,46–60
33,Yes,Travel_Frequently,140,Research & Development,8,3,Life Sciences,1,878,3,Male,78,4,2,Research Director,3,Married,5462,8685,1,Y,Yes,12,3,2,80,2,9,5,1,7,7,0,4,₹4K–₹7K,6–10 years,26–35
40,No,Non-Travel,594,Sales,7,2,Marketing,1,879,2,Male,77,4,5,Manager,4,Married,11466,18193,3,Y,No,25,3,3,80,2,12,0,2,8,8,0,5,₹7K–₹12K,6–10 years,36–45
29,No,Travel_Rarely,388,Research & Development,5,3,Marketing,1,880,2,Male,75,3,4,Laboratory Technician,1,Single,10349,19487,2,Y,Yes,15,3,4,80,1,1,5,4,1,0,1,0,₹7K–₹12K,<2 years,26–35
32,No,Travel_Rarely,1088,Research & Development,14,2,Medical,1,881,1,Female,77,4,4,Manager,3,Married,8438,18946,2,Y,Yes,25,3,4,80,3,5,6,1,5,3,2,2,₹7K–₹12K,4–5 years,26–35
39,No,Travel_Rarely,103,Research & Development,10,5,Medical,1,882,3,Male,70,3,3,Healthcare Representative,2,Divorced,7841,5200,1,Y,No,18,4,2,80,0,17,4,1,9,4,1,3,₹7K–₹12K,6–10 years,36–45
31,No,Travel_Frequently,1359,Research & Development,4,2,Medical,1,883,3,Male,60,1,4,Laboratory Technician,1,Married,9595,10981,3,Y,No,25,3,3,80,2,8,6,4,6,3,2,3,₹7K–₹12K,6–10 years,26–35
46,No,Travel_Frequently,1137,Research & Development,5,5,Medical,1,884,4,Male,63,2,2,Healthcare Representative,4,Single,5772,25999,3,Y,No,17,3,1,80,2,17,6,3,9,6,3,6,₹4K–₹7K,6–10 years,46–60
39,No,Travel_Rarely,110,Sales,12,3,Medical,1,885,3,Male,92,2,5,Sales Executive,2,Married,11327,18037,0,Y,No,25,3,2,80,2,12,5,3,8,6,1,2,₹7K–₹12K,6–10 years,36–45
34,No,Travel_Rarely,511,Research & Development,8,2,Life Sciences,1,886,1,Female,30,3,3,Laboratory Technician,1,Married,6489,8196,2,Y,No,20,3,1,80,1,10,5,2,4,0,3,0,₹4K–₹7K,4–5 years,26–35
41,No,Travel_Rarely,773,Sales,19,1,Medical,1,887,3,Female,54,3,4,Manager,4,Single,11046,12962,0,Y,No,18,3,4,80,0,10,6,4,2,2,1,0,₹7K–₹12K,2–3 years,36–45
35,No,Travel_Rarely,1478,Sales,17,2,Medical,1,888,4,Male,52,1,2,Sales Representative,3,Single,5609,13942,3,Y,No,18,4,3,80,3,16,6,2,14,8,4,8,₹4K–₹7K,10+ years,26–35
30,No,Travel_Frequently,135,Research & Development,2,4,Technical Degree,1,889,4,Female,32,3,5,Manufacturing Director,1,Divorced,10651,2100,1,Y,No,22,3,1,80,1,5,6,1,5,5,0,5,₹7K–₹12K,4–5 years,26–35
48,No,Travel_Rarely,1121,Research & Development,3,2,Medical,1,890,4,Female,86,3,1,Healthcare Representative,2,Married,5064,7125,3,Y,Yes,24,3,2,80,2,14,0,2,7,1,4,0,₹4K–₹7K,6–10 years,46–60
60,No,Travel_Rarely,1265,Research & Development,13,3,Life Sciences,1,891,2,Male,49,2,4,Manufacturing Director,2,Single,13204,12712,3,Y,Yes,18,3,1,80,2,23,4,2,14,8,3,8,₹12K+,10+ years,46–60
48,Yes,Non-Travel,186,Research & Development,24,3,Technical Degree,1,892,4,Male,87,1,4,Manager,1,Married,11012,19306,3,Y,No,15,3,1,80,2,19,2,4,5,1,3,1,₹7K–₹12K,4–5 years,46–60
33,No,Travel_Rarely,241,Research & Development,16,1,Other,1,893,4,Female,90,1,2,Research Scientist,2,Divorced,5182,19292,3,Y,No,25,3,1,80,0,9,2,1,9,0,3,0,₹4K–₹7K,6–10 years,26–35
26,No,Travel_Rarely,566,Research & Development,4,1,Marketing,1,894,4,Female,38,1,4,Manager,3,Single,7715,3202,3,Y,No,11,3,1,80,1,4,3,3,4,3,0,2,₹7K–₹12K,4–5 years,26–35
45,Yes,Travel_Rarely,261,Research & Development,3,5,Marketing,1,895,4,Male,81,4,5,Research Director,3,Married,11568,13635,5,Y,No,19,3,3,80,1,10,5,1,3,2,3,2,₹7K–₹12K,2–3 years,36–45
53,No,Travel_Rarely,293,Sales,23,5,Life Sciences,1,896,1,Female,42,3,1,Sales Representative,4,Married,5377,22821,1,Y,No,16,3,3,80,3,20,0,4,14,9,4,8,₹4K–₹7K,10+ years,46–60
44,No,Travel_Rarely,459,Research & Development,16,5,Medical,1,897,1,Male,91,1,2,Healthcare Representative,1,Single,6429,10997,1,Y,Yes,25,3,4,80,2,17,2,3,10,3,2,1,₹4K–₹7K,6–10 years,36–45
44,No,Travel_Rarely,523,Research & Development,6,3,Life Sciences,1,898,3,Male,41,1,2,Research Scientist,1,Divorced,8170,15638,2,Y,Yes,23,3,3,80,2,15,5,3,13,9,4,4,₹7K–₹12K,10+ years,36–45
29,No,Travel_Frequently,613,Research & Development,8,3,Life Sciences,1,899,2,Female,81,2,4,Healthcare Representative,1,Married,8925,22734,1,Y,No,17,3,1,80,3,6,1,2,6,1,2,1,₹7K–₹12K,6–10 years,26–35
44,No,Travel_Rarely,1190,Research & Development,29,3,Technical Degree,1,900,2,Female,79,3,3,Healthcare Representative,2,Married,8079,21185,2,Y,No,12,4,1,80,0,11,0,1,9,2,1,2,₹7K–₹12K,6–10 years,36–45
54,No,Travel_Rarely,1427,Research & Development,1,5,Medical,1,901,2,Male,45,2,4,Manufacturing Director,2,Divorced,12260,4369,4,Y,No,20,3,3,80,2,21,5,1,12,6,0,5,₹12K+,10+ years,46–60
26,Yes,Travel_Rarely,1285,Sales,2,5,Medical,1,902,3,Female,30,3,4,Manager,2,Married,11044,15463,2,Y,No,19,3,4,80,0,1,5,3,1,1,1,1,₹7K–₹12K,<2 years,26–35
45,No,Travel_Frequently,1070,Research & Development,20,3,Medical,1,903,3,Female,54,1,4,Research Director,1,Married,11079,24277,1,Y,No,21,3,4,80,1,16,6,3,11,8,7,6,₹7K–₹12K,10+ years,36–45
38,No,Travel_Frequently,1301,Research & Development,13,3,Life Sciences,1,904,4,Female,51,3,2,Laboratory Technician,1,Divorced,5856,8654,1,Y,Yes,15,4,3,80,1,16,6,3,7,5,4,1,₹4K–₹7K,6–10 years,36–45
35,No,Travel_Rarely,786,Research & Development,18,1,Life Sciences,1,905,1,Male,55,3,4,Healthcare Representative,2,Single,9554,7955,2,Y,Yes,20,3,2,80,0,10,5,2,10,8,3,4,₹7K–₹12K,6–10 years,26–35
60,No,Travel_Rarely,707,Research & Development,8,3,Technical Degree,1,906,1,Female,48,2,1,Manufacturing Director,1,Single,5894,19461,5,Y,No,19,3,4,80,0,23,3,3,14,5,1,5,₹4K–₹7K,10+ years,46–60
46,No,Travel_Rarely,855,Research & Development,14,1,Medical,1,907,2,Female,76,2,2,Research Director,3,Single,7602,21163,3,Y,No,16,3,1,80,3,11,1,2,11,4,4,4,₹7K–₹12K,10+ years,46–60
47,No,Travel_Rarely,1490,Research & Development,20,4,Life Sciences,1,908,3,Male,76,3,4,Healthcare Representative,4,Single,10274,23203,2,Y,Yes,14,3,1,80,2,17,0,4,9,1,6,0,₹7K–₹12K,6–10 years,46–60
29,Yes,Travel_Frequently,204,Human Resources,13,5,Medical,1,909,1,Male,49,1,5,Manager,2,Married,12576,3311,1,Y,Yes,22,3,1,80,3,14,0,1,7,2,3,1,₹12K+,6–10 years,26–35
42,No,Travel_Rarely,1462,Research & Development,4,5,Human Resources,1,910,4,Male,55,4,5,Healthcare Representative,4,Single,11807,25481,2,Y,Yes,15,3,4,80,1,7,6,3,7,5,1,1,₹7K–₹12K,6–10 years,36–45
52,Yes,Travel_Rarely,134,Research & Development,6,1,Marketing,1,911,3,Male,48,1,4,Manufacturing Director,1,Single,11012,8042,3,Y,Yes,19,3,4,80,2,23,4,3,13,6,4,3,₹7K–₹12K,10+ years,46–60
40,No,Travel_Rarely,1145,Research & Development,5,5,Medical,1,912,4,Male,76,3,4,Manager,4,Divorced,11092,24098,1,Y,No,17,4,2,80,0,10,2,2,5,0,1,0,₹7K–₹12K,4–5 years,36–45
25,Yes,Travel_Rarely,806,Research & Development,3,2,Medical,1,913,4,Male,59,4,2,Healthcare Representative,4,Married,5986,21243,2,Y,No,24,3,3,80,3,7,5,1,7,1,0,1,₹4K–₹7K,6–10 years,18–25
35,No,Travel_Frequently,243,Research & Development,1,3,Life Sciences,1,914,2,Male,30,4,2,Laboratory Technician,1,Single,6257,3252,3,Y,Yes,11,3,4,80,3,6,0,1,0,0,0,0,₹4K–₹7K,<2 years,26–35
41,No,Travel_Rarely,917,Sales,1,2,Technical Degree,1,915,4,Female,49,1,4,Sales Executive,4,Married,10311,25954,3,Y,No,12,3,2,80,3,6,6,3,1,1,1,0,₹7K–₹12K,<2 years,36–45
54,No,Travel_Rarely,475,Sales,6,5,Medical,1,916,1,Male,80,3,5,Manager,2,Married,14456,3292,2,Y,No,16,3,1,80,1,15,2,1,8,4,1,0,₹12K+,6–10 years,46–60
36,No,Travel_Rarely,274,Research & Development,10,3,Marketing,1,917,2,Female,54,1,2,Healthcare Representative,2,Married,6080,3802,2,Y,No,24,3,1,80,3,7,4,1,6,3,0,2,₹4K–₹7K,6–10 years,36–45
51,No,Travel_Rarely,1163,Research & Development,29,1,Human Resources,1,918,1,Female,44,1,2,Research Scientist,4,Married,7435,2009,4,Y,No,11,4,4,80,0,19,6,3,14,7,5,7,₹7K–₹12K,10+ years,46–60
46,No,Travel_Rarely,372,Human Resources,2,4,Marketing,1,919,4,Female,70,1,4,Manager,2,Single,9050,7067,2,Y,No,15,4,4,80,1,18,0,4,0,0,0,0,₹7K–₹12K,<2 years,46–60
51,No,Travel_Rarely,358,Research & Development,15,2,Life Sciences,1,920,2,Female,75,2,1,Research Scientist,4,Single,6023,9827,4,Y,No,19,3,2,80,2,10,2,2,0,0,0,0,₹4K–₹7K,<2 years,46–60
39,No,Travel_Rarely,1210,Research & Development,29,4,Life Sciences,1,921,1,Male,63,2,4,Manufacturing Director,3,Single,10481,2761,3,Y,No,18,3,3,80,1,12,4,3,9,7,3,3,₹7K–₹12K,6–10 years,36–45
33,No,Travel_Rarely,228,Research & Development,13,2,Medical,1,922,4,Male,93,3,3,Research Scientist,1,Married,9164,14276,2,Y,No,17,3,2,80,1,12,0,3,8,0,2,0,₹7K–₹12K,6–10 years,26–35
35,Yes,Travel_Frequently,356,Research & Development,22,4,Life Sciences,1,923,3,Male,86,2,2,Research Scientist,3,Married,7088,25107,0,Y,No,23,4,1,80,1,8,5,1,2,2,0,2,₹7K–₹12K,2–3 years,26–35
39,No,Travel_Rarely,767,Research & Development,4,3,Life Sciences,1,924,2,Male,49,2,4,Research Scientist,1,Divorced,10202,21209,4,Y,Yes,22,3,2,80,3,13,1,1,2,1,0,1,₹7K–₹12K,2–3 years,36–45
34,No,Travel_Rarely,618,Research & Development,29,5,Medical,1,925,3,Male,68,3,3,Manager,1,Married,8915,14552,0,Y,No,16,3,1,80,0,14,4,2,14,9,4,6,₹7K–₹12K,10+ years,26–35
23,Yes,Travel_Rarely,676,Research & Development,5,5,Medical,1,926,4,Male,87,4,5,Manager,3,Married,10669,15742,2,Y,Yes,21,3,1,80,1,6,0,4,5,2,2,2,₹7K–₹12K,4–5 years,18–25
30,No,Travel_Rarely,492,Research & Development,2,2,Life Sciences,1,927,2,Male,74,3,2,Laboratory Technician,4,Married,5931,21918,1,Y,No,23,3,4,80,3,4,6,2,0,0,0,0,₹4K–₹7K,<2 years,26–35
44,No,Travel_Rarely,1016,Research & Development,6,5,Medical,1,928,2,Female,85,1,4,Research Scientist,2,Married,9721,3879,5,Y,No,16,3,4,80,0,21,6,3,13,6,5,0,₹7K–₹12K,10+ years,36–45
38,No,Travel_Rarely,142,Sales,9,1,Medical,1,929,1,Female,80,4,4,Sales Executive,3,Married,9733,26445,5,Y,No,12,3,2,80,1,9,4,4,4,1,0,1,₹7K–₹12K,4–5 years,36–45
38,No,Travel_Rarely,1077,Sales,8,4,Life Sciences,1,930,1,Female,34,2,4,Sales Executive,2,Married,9456,9379,1,Y,No,21,3,2,80,3,9,1,4,6,3,4,2,₹7K–₹12K,6–10 years,36–45
39,Yes,Travel_Rarely,552,Sales,1,1,Medical,1,931,4,Female,57,3,3,Sales Executive,2,Divorced,7877,23324,3,Y,No,18,3,1,80,1,10,2,4,2,2,0,1,₹7K–₹12K,2–3 years,36–45
42,No,Non-Travel,333,Research & Development,12,4,Life Sciences,1,932,1,Female,69,2,5,Research Director,4,Married,13776,15005,2,Y,Yes,24,4,4,80,1,16,5,4,10,2,3,2,₹12K+,6–10 years,36–45
38,No,Travel_Frequently,1149,Research & Development,19,3,Life Sciences,1,933,1,Male,83,3,4,Laboratory Technician,4,Single,9912,2915,1,Y,Yes,13,4,4,80,0,14,5,1,14,11,8,8,₹7K–₹12K,10+ years,36–45
47,No,Travel_Frequently,1045,Research & Development,12,4,Life Sciences,1,934,3,Male,79,4,4,Manager,3,Single,11561,16592,1,Y,Yes,23,4,1,80,0,19,1,1,9,8,1,7,₹7K–₹12K,6–10 years,46–60
37,No,Travel_Frequently,970,Research & Development,1,5,Human Resources,1,935,1,Male,50,2,3,Research Director,4,Single,7776,26849,2,Y,No,23,3,1,80,0,15,1,1,4,0,2,0,₹7K–₹12K,4–5 years,36–45
38,No,Travel_Rarely,905,Sales,4,5,Medical,1,936,2,Male,42,3,4,Sales Executive,4,Single,9527,6847,3,Y,No,12,3,4,80,0,6,4,3,4,4,0,4,₹7K–₹12K,4–5 years,36–45
42,No,Travel_Rarely,251,Sales,4,3,Life Sciences,1,937,2,Female,65,2,5,Sales Executive,4,Married,12528,12786,0,Y,No,11,3,3,80,0,14,4,3,0,0,0,0,₹12K+,<2 years,36–45
35,No,Travel_Rarely,154,Research & Development,5,1,Medical,1,938,3,Male,84,3,4,Manager,3,Single,10140,2489,1,Y,No,22,3,1,80,3,4,4,1,0,0,0,0,₹7K–₹12K,<2 years,26–35
28,No,Non-Travel,1324,Human Resources,3,4,Marketing,1,939,3,Female,47,1,2,Manager,3,Married,4021,15174,2,Y,No,14,3,3,80,1,6,2,3,6,5,1,5,₹4K–₹7K,6–10 years,26–35
40,No,Non-Travel,1131,Research & Development,5,5,Medical,1,940,4,Male,94,4,3,Laboratory Technician,4,Married,9796,7888,4,Y,No,20,3,3,80,2,5,0,4,1,0,0,0,₹7K–₹12K,<2 years,36–45
45,No,Travel_Rarely,581,Research & Development,12,5,Technical Degree,1,941,4,Male,62,4,5,Healthcare Representative,1,Married,13218,15445,3,Y,No,15,3,3,80,0,19,0,4,7,4,2,2,₹12K+,6–10 years,36–45
27,No,Non-Travel,603,Sales,13,4,Life Sciences,1,942,3,Male,66,2,5,Sales Executive,4,Divorced,10296,3886,2,Y,Yes,14,3,4,80,2,3,4,3,3,2,0,2,₹7K–₹12K,2–3 years,26–35
35,No,Non-Travel,753,Sales,22,1,Marketing,1,943,3,Female,43,4,1,Sales Representative,2,Divorced,3860,9187,2,Y,Yes,24,3,4,80,1,11,4,1,5,5,1,0,<₹4K,4–5 years,26–35
39,No,Travel_Rarely,1466,Sales,29,3,Life Sciences,1,944,1,Male,49,4,1,Sales Representative,2,Married,6006,8066,6,Y,No,11,3,2,80,3,14,3,3,6,3,2,3,₹4K–₹7K,6–10 years,36–45
44,No,Travel_Rarely,1055,Sales,23,5,Medical,1,945,3,Male,42,4,5,Sales Representative,4,Divorced,13185,3041,2,Y,No,17,3,1,80,3,19,5,1,13,8,2,2,₹12K+,10+ years,36–45
36,No,Travel_Rarely,1378,Sales,4,3,Life Sciences,1,946,2,Male,86,4,3,Sales Representative,3,Married,7886,10681,3,Y,No,23,3,1,80,1,9,3,1,7,0,5,0,₹7K–₹12K,6–10 years,36–45
37,Yes,Travel_Rarely,1214,Research & Development,19,1,Life Sciences,1,947,4,Male,98,2,5,Manager,4,Single,11751,18225,2,Y,Yes,22,3,1,80,2,13,5,1,13,5,6,5,₹7K–₹12K,10+ years,36–45
37,No,Travel_Rarely,939,Research & Development,12,1,Marketing,1,948,4,Male,47,4,2,Research Scientist,2,Divorced,6239,6490,2,Y,No,17,4,3,80,2,13,4,4,8,2,3,2,₹4K–₹7K,6–10 years,36–45
50,No,Travel_Rarely,243,Research & Development,20,3,Life Sciences,1,949,4,Female,95,2,1,Healthcare Representative,1,Divorced,4947,21270,2,Y,No,21,3,1,80,3,17,3,2,9,1,1,0,₹4K–₹7K,6–10 years,46–60
40,No,Travel_Rarely,1144,Sales,7,4,Medical,1,950,3,Male,92,2,3,Manager,3,Married,8350,8402,5,Y,No,18,3,2,80,3,12,6,3,9,5,2,5,₹7K–₹12K,6–10 years,36–45
29,No,Travel_Frequently,1484,Research & Development,12,1,Life Sciences,1,951,2,Male,49,2,5,Laboratory Technician,4,Single,11633,11052,2,Y,No,13,3,1,80,1,0,0,3,0,0,0,0,₹7K–₹12K,<2 years,26–35
37,No,Non-Travel,297,Research & Development,5,2,Medical,1,952,1,Male,87,1,5,Manufacturing Director,2,Single,11822,26830,1,Y,No,23,4,2,80,0,19,5,4,10,2,2,1,₹7K–₹12K,6–10 years,36–45
60,No,Travel_Rarely,307,Research & Development,17,3,Marketing,1,953,2,Male,95,1,3,Healthcare Representative,3,Divorced,9644,15124,1,Y,No,25,3,3,80,3,16,2,3,7,7,0,3,₹7K–₹12K,6–10 years,46–60
30,No,Travel_Rarely,340,Research & Development,8,1,Medical,1,954,2,Female,99,3,5,Research Director,3,Married,10852,20832,1,Y,No,19,3,4,80,0,6,5,4,6,6,1,4,₹7K–₹12K,6–10 years,26–35
33,No,Travel_Rarely,1094,Research & Development,15,2,Medical,1,955,1,Male,50,2,2,Research Scientist,4,Single,6241,15128,4,Y,No,14,3,4,80,2,14,3,3,12,9,9,5,₹4K–₹7K,10+ years,26–35
35,No,Travel_Rarely,1135,Research & Development,11,4,Life Sciences,1,956,2,Female,60,2,3,Research Scientist,1,Married,6224,14277,5,Y,No,16,3,4,80,2,10,6,3,6,4,0,4,₹4K–₹7K,6–10 years,26–35
34,No,Travel_Rarely,627,Sales,6,3,Medical,1,957,2,Male,64,4,1,Sales Representative,2,Married,3466,13004,3,Y,No,18,3,2,80,0,6,6,1,3,3,3,3,<₹4K,2–3 years,26–35
37,No,Travel_Frequently,1251,Research & Development,16,5,Other,1,958,1,Female,35,1,3,Healthcare Representative,1,Divorced,8143,6001,5,Y,No,23,3,3,80,2,17,5,2,12,1,5,1,₹7K–₹12K,10+ years,36–45
46,Yes,Travel_Rarely,936,Research & Development,7,5,Medical,1,959,2,Male,83,1,2,Healthcare Representative,1,Single,9863,14607,2,Y,Yes,24,3,2,80,1,14,4,4,14,5,8,3,₹7K–₹12K,10+ years,46–60
30,No,Travel_Rarely,435,Research & Development,8,3,Medical,1,960,1,Male,64,1,3,Research Scientist,3,Married,6327,23450,5,Y,No,22,3,3,80,0,2,1,1,2,0,1,0,₹4K–₹7K,2–3 years,26–35
26,No,Travel_Frequently,1285,Research & Development,12,2,Medical,1,961,1,Male,74,1,2,Laboratory Technician,3,Divorced,5655,4636,5,Y,No,24,3,1,80,3,5,0,3,5,5,5,5,₹4K–₹7K,4–5 years,26–35
35,No,Travel_Rarely,993,Research & Development,8,2,Life Sciences,1,962,1,Male,87,1,2,Laboratory Technician,1,Married,6377,2743,0,Y,No,12,4,1,80,1,6,1,1,0,0,0,0,₹4K–₹7K,<2 years,26–35
24,No,Travel_Rarely,818,Research & Development,2,2,Life Sciences,1,963,2,Female,60,2,4,Research Director,4,Divorced,7630,18945,3,Y,No,14,3,4,80,0,11,5,1,10,4,1,1,₹7K–₹12K,6–10 years,18–25
46,Yes,Travel_Rarely,426,Research & Development,17,3,Life Sciences,1,964,3,Male,88,1,4,Manager,2,Single,11075,19568,1,Y,Yes,17,3,4,80,0,10,0,2,2,0,0,0,₹7K–₹12K,2–3 years,46–60
44,No,Travel_Rarely,403,Research & Development,27,2,Medical,1,965,1,Female,40,2,4,Manager,3,Single,8681,8646,3,Y,Yes,16,3,3,80,0,11,0,2,10,3,1,0,₹7K–₹12K,6–10 years,36–45
54,No,Travel_Rarely,1244,Sales,18,1,Marketing,1,966,3,Female,78,3,4,Manager,1,Married,12753,18974,0,Y,Yes,11,3,2,80,3,22,2,1,13,7,3,5,₹12K+,10+ years,46–60
45,No,Travel_Rarely,1037,Research & Development,4,4,Life Sciences,1,967,1,Female,38,4,4,Manufacturing Director,2,Single,8215,17169,3,Y,No,21,3,1,80,2,20,3,2,9,2,4,2,₹7K–₹12K,6–10 years,36–45
23,No,Travel_Rarely,1008,Research & Development,18,2,Medical,1,968,2,Male,69,3,1,Healthcare Representative,3,Single,2657,13414,0,Y,No,16,4,3,80,2,0,5,4,0,0,0,0,<₹4K,<2 years,18–25
30,No,Travel_Rarely,1147,Sales,15,5,Marketing,1,969,2,Male,33,2,4,Sales Representative,1,Married,9848,23967,3,Y,No,20,3,1,80,1,7,5,2,7,6,0,3,₹7K–₹12K,6–10 years,26–35
37,No,Travel_Frequently,1236,Research & Development,20,2,Life Sciences,1,970,3,Female,67,4,3,Manager,4,Married,6870,20570,3,Y,No,21,3,2,80,3,0,3,4,0,0,0,0,₹4K–₹7K,<2 years,36–45
36,No,Travel_Rarely,1071,Research & Development,18,1,Life Sciences,1,971,3,Male,41,3,4,Manufacturing Director,4,Married,8222,20206,1,Y,No,14,3,3,80,2,10,4,1,8,6,2,5,₹7K–₹12K,6–10 years,36–45
29,No,Travel_Frequently,1042,Research & Development,6,1,Medical,1,972,4,Male,41,4,3,Research Director,2,Married,5625,9592,1,Y,No,20,3,3,80,3,4,3,1,4,1,0,0,₹4K–₹7K,4–5 years,26–35
18,No,Travel_Rarely,867,Research & Development,9,1,Other,1,973,3,Female,98,3,2,Research Scientist,4,Single,5238,13119,6,Y,No,25,3,3,80,3,3,3,3,0,0,0,0,₹4K–₹7K,<2 years,18–25
34,No,Travel_Rarely,918,Research & Development,8,4,Life Sciences,1,974,2,Male,79,2,3,Healthcare Representative,4,Married,6802,2917,4,Y,Yes,15,3,4,80,1,9,2,3,7,1,1,1,₹4K–₹7K,6–10 years,26–35
19,No,Travel_Frequently,1164,Research & Development,28,4,Medical,1,975,4,Male,69,1,5,Research Director,4,Married,11209,6322,1,Y,No,23,3,3,80,2,1,0,3,0,0,0,0,₹7K–₹12K,<2 years,18–25
28,No,Travel_Rarely,498,Research & Development,7,1,Life Sciences,1,976,2,Female,51,4,5,Manager,3,Single,11105,13790,2,Y,No,15,3,3,80,0,2,3,2,2,2,0,0,₹7K–₹12K,2–3 years,26–35
42,Yes,Travel_Frequently,107,Sales,6,2,Life Sciences,1,977,3,Male,44,4,5,Manager,4,Married,10956,21992,1,Y,No,18,3,2,80,3,17,5,2,16,4,7,1,₹7K–₹12K,10+ years,36–45
37,Yes,Travel_Frequently,1412,Research & Development,12,3,Medical,1,978,2,Male,34,2,1,Research Scientist,1,Married,4227,25043,4,Y,Yes,12,3,1,80,0,9,1,1,0,0,0,0,₹4K–₹7K,<2 years,36–45
28,Yes,Travel_Frequently,522,Sales,19,1,Marketing,1,979,4,Male,66,2,4,Manager,2,Married,8503,21800,7,Y,No,17,3,1,80,2,6,6,4,4,2,3,2,₹7K–₹12K,4–5 years,26–35
40,No,Travel_Rarely,991,Research & Development,5,3,Medical,1,980,4,Female,91,2,4,Research Director,1,Single,9905,14565,2,Y,Yes,13,3,2,80,1,15,6,3,8,3,2,1,₹7K–₹12K,6–10 years,36–45
30,Yes,Travel_Rarely,1343,Research & Development,7,5,Other,1,981,2,Male,80,1,4,Research Director,1,Single,9562,21784,2,Y,No,22,4,4,80,0,3,6,4,0,0,0,0,₹7K–₹12K,<2 years,26–35
40,No,Non-Travel,1087,Sales,11,5,Life Sciences,1,982,1,Female,83,2,2,Sales Representative,2,Married,7416,21979,4,Y,No,23,3,3,80,2,7,3,1,5,0,0,0,₹7K–₹12K,4–5 years,36–45
42,No,Travel_Frequently,289,Research & Development,18,5,Marketing,1,983,3,Female,81,2,5,Manufacturing Director,3,Single,11877,5647,1,Y,Yes,14,3,4,80,2,13,5,2,0,0,0,0,₹7K–₹12K,<2 years,36–45
38,No,Travel_Rarely,416,Research & Development,12,3,Life Sciences,1,984,4,Female,41,4,5,Research Scientist,3,Married,11991,6353,0,Y,Yes,18,3,1,80,3,11,4,3,0,0,0,0,₹7K–₹12K,<2 years,36–45
32,No,Travel_Rarely,1359,Research & Development,25,4,Medical,1,985,3,Male,79,1,3,Laboratory Technician,2,Married,8284,2613,3,Y,No,21,3,3,80,3,9,5,4,8,0,2,0,₹7K–₹12K,6–10 years,26–35
36,No,Travel_Frequently,798,Sales,1,3,Life Sciences,1,986,1,Female,39,4,1,Sales Representative,2,Married,3072,24079,0,Y,Yes,23,3,1,80,1,13,4,3,10,5,7,4,<₹4K,6–10 years,36–45
38,No,Travel_Frequently,443,Research & Development,16,3,Life Sciences,1,987,2,Male,43,2,5,Manufacturing Director,2,Married,12714,2136,2,Y,No,17,3,4,80,0,11,5,4,4,1,2,1,₹12K+,4–5 years,36–45
58,No,Non-Travel,960,Research & Development,8,4,Life Sciences,1,988,3,Male,66,2,5,Research Director,1,Married,13471,10791,6,Y,No,20,4,4,80,0,19,4,4,15,9,7,9,₹12K+,10+ years,46–60
44,No,Travel_Frequently,457,Research & Development,22,1,Life Sciences,1,989,3,Female,35,2,4,Manager,3,Single,9097,15426,1,Y,No,17,3,3,80,1,11,3,1,11,7,4,4,₹7K–₹12K,10+ years,36–45
35,No,Travel_Rarely,373,Sales,29,2,Marketing,1,990,2,Male,45,3,1,Sales Representative,2,Married,4235,21183,0,Y,No,23,4,3,80,0,7,4,4,2,0,2,0,₹4K–₹7K,2–3 years,26–35
35,No,Travel_Rarely,366,Sales,12,2,Marketing,1,991,2,Male,51,4,1,Sales Executive,1,Married,4676,24154,1,Y,No,15,4,2,80,2,3,1,3,3,2,0,2,₹4K–₹7K,2–3 years,26–35
19,No,Travel_Frequently,1132,Sales,4,1,Life Sciences,1,992,2,Female,74,2,2,Sales Executive,4,Married,4802,15397,2,Y,Yes,11,3,1,80,0,3,1,3,0,0,0,0,₹4K–₹7K,<2 years,18–25
45,No,Non-Travel,213,Research & Development,19,4,Life Sciences,1,993,2,Female,61,1,5,Research Director,2,Married,12895,19223,2,Y,Yes,15,3,2,80,2,23,1,4,8,6,3,2,₹12K+,6–10 years,36–45
60,No,Travel_Rarely,608,Sales,7,2,Marketing,1,994,2,Male,70,3,5,Manager,1,Divorced,14367,19738,2,Y,No,12,4,1,80,3,16,1,1,14,4,2,4,₹12K+,10+ years,46–60
26,No,Travel_Rarely,479,Research & Development,3,4,Life Sciences,1,995,4,Male,50,1,5,Research Director,1,Divorced,10370,25807,2,Y,No,15,3,1,80,2,0,3,4,0,0,0,0,₹7K–₹12K,<2 years,26–35
39,No,Non-Travel,876,Research & Development,5,3,Life Sciences,1,996,4,Female,42,2,3,Manufacturing Director,1,Divorced,8218,11346,1,Y,No,13,3,4,80,3,16,0,3,13,7,4,1,₹7K–₹12K,10+ years,36–45
40,Yes,Non-Travel,359,Research & Development,16,5,Medical,1,997,2,Female,76,4,4,Laboratory Technician,4,Married,10084,11913,4,Y,No,13,4,1,80,0,11,3,3,11,6,1,3,₹7K–₹12K,10+ years,36–45
20,No,Travel_Rarely,1156,Research & Development,13,1,Technical Degree,1,998,2,Female,43,3,3,Healthcare Representative,3,Married,6842,21544,5,Y,No,15,4,4,80,1,0,1,4,0,0,0,0,₹4K–₹7K,<2 years,18–25
45,Yes,Travel_Rarely,107,Sales,22,4,Medical,1,999,1,Male,39,2,3,Manager,4,Single,9297,4010,5,Y,Yes,24,3,2,80,2,16,2,2,16,6,4,5,₹7K–₹12K,10+ years,36–45
47,No,Travel_Rarely,124,Sales,21,1,Technical Degree,1,1000,1,Female,74,1,3,Sales Representative,3,Single,8869,2130,4,Y,No,14,3,2,80,0,16,0,4,4,4,0,2,₹7K–₹12K,4–5 years,46–60
49,No,Non-Travel,762,Research & Development,23,3,Life Sciences,1,1001,2,Female,55,2,5,Laboratory Technician,1,Divorced,12170,19864,4,Y,Yes,24,3,3,80,2,20,6,3,12,7,3,1,₹12K+,10+ years,46–60
31,No,Travel_Rarely,1249,Research & Development,27,5,Medical,1,1002,2,Male,91,4,3,Manager,3,Married,8818,6897,1,Y,No,11,4,2,80,2,4,3,4,4,3,0,3,₹7K–₹12K,4–5 years,26–35
58,No,Travel_Rarely,679,Research & Development,6,1,Life Sciences,1,1003,2,Male,74,1,3,Laboratory Technician,3,Married,8506,5570,2,Y,No,22,3,1,80,3,20,5,4,12,6,3,4,₹7K–₹12K,10+ years,46–60
38,No,Non-Travel,435,Research & Development,12,5,Life Sciences,1,1004,3,Female,49,2,5,Manager,1,Married,12617,25005,1,Y,Yes,23,3,4,80,0,11,6,4,6,2,1,2,₹12K+,6–10 years,36–45
25,No,Travel_Rarely,532,Research & Development,29,1,Medical,1,1005,3,Female,84,3,4,Manager,3,Single,10372,20939,2,Y,No,12,3,2,80,1,5,2,1,5,3,2,3,₹7K–₹12K,4–5 years,18–25
28,Yes,Travel_Rarely,585,Research & Development,9,5,Life Sciences,1,1006,2,Male,40,2,3,Research Scientist,1,Single,8751,20601,4,Y,No,22,3,4,80,3,6,1,4,2,0,0,0,₹7K–₹12K,2–3 years,26–35
40,Yes,Travel_Frequently,579,Research & Development,13,2,Medical,1,1007,3,Female,94,2,4,Healthcare Representative,1,Single,10551,15605,1,Y,Yes,24,3,4,80,3,19,4,3,12,4,2,4,₹7K–₹12K,10+ years,36–45
43,No,Travel_Rarely,514,Research & Development,7,1,Marketing,1,1008,3,Male,62,2,4,Manager,4,Divorced,11914,21713,3,Y,Yes,22,3,2,80,1,17,3,4,8,7,5,4,₹7K–₹12K,6–10 years,36–45
34,No,Travel_Frequently,922,Sales,3,3,Life Sciences,1,1009,1,Male,46,3,4,Sales Executive,4,Single,10354,25522,4,Y,Yes,23,3,1,80,0,9,6,4,2,2,0,1,₹7K–₹12K,2–3 years,26–35
46,No,Non-Travel,733,Research & Development,9,2,Medical,1,1010,3,Male,56,4,3,Laboratory Technician,2,Single,8690,2382,7,Y,No,13,3,2,80,1,19,2,4,13,6,8,1,₹7K–₹12K,10+ years,46–60
58,No,Travel_Rarely,467,Research & Development,5,1,Medical,1,1011,3,Female,60,2,1,Research Scientist,3,Married,6743,25661,4,Y,Yes,15,3,1,80,3,23,4,4,15,9,4,5,₹4K–₹7K,10+ years,46–60
34,No,Travel_Rarely,138,Sales,8,4,Life Sciences,1,1012,4,Male,49,2,3,Sales Executive,3,Married,10143,17224,3,Y,Yes,18,3,1,80,2,10,2,1,8,0,3,0,₹7K–₹12K,6–10 years,26–35
44,No,Travel_Rarely,899,Sales,5,4,Medical,1,1013,1,Male,80,2,2,Sales Executive,4,Single,7016,11144,2,Y,No,17,3,4,80,1,18,0,1,13,7,1,4,₹7K–₹12K,10+ years,36–45
33,No,Travel_Frequently,1315,Research & Development,18,3,Medical,1,1014,2,Female,91,4,2,Laboratory Technician,4,Married,7486,8036,0,Y,No,12,3,1,80,0,9,2,4,6,0,4,0,₹7K–₹12K,6–10 years,26–35
39,No,Travel_Rarely,748,Research & Development,8,3,Life Sciences,1,1015,4,Male,84,1,3,Manager,1,Single,8636,2796,5,Y,Yes,15,3,4,80,0,13,2,1,13,10,3,8,₹7K–₹12K,10+ years,36–45
33,No,Travel_Rarely,909,Research & Development,5,4,Life Sciences,1,1016,4,Male,79,4,2,Laboratory Technician,2,Married,6672,24450,6,Y,No,18,3,4,80,3,9,2,1,0,0,0,0,₹4K–₹7K,<2 years,26–35
29,No,Travel_Rarely,1091,Sales,22,5,Life Sciences,1,1017,1,Female,63,3,3,Manager,2,Single,6593,6574,3,Y,No,21,3,2,80,2,9,6,3,5,2,0,1,₹4K–₹7K,4–5 years,26–35
34,No,Non-Travel,1130,Research & Development,14,1,Life Sciences,1,1018,3,Male,41,1,5,Manufacturing Director,1,Married,10073,20914,3,Y,No,15,3,1,80,0,3,6,3,0,0,0,0,₹7K–₹12K,<2 years,26–35
29,No,Travel_Frequently,487,Research & Development,6,5,Life Sciences,1,1019,3,Female,74,1,1,Manufacturing Director,3,Single,3852,26210,3,Y,No,24,3,2,80,1,2,4,4,1,1,0,0,<₹4K,<2 years,26–35
29,Yes,Travel_Rarely,426,Research & Development,3,4,Medical,1,1020,2,Male,34,1,3,Research Scientist,3,Married,7232,15901,1,Y,Yes,11,3,3,80,1,9,2,1,6,4,2,3,₹7K–₹12K,6–10 years,26–35
38,Yes,Travel_Frequently,594,Research & Development,22,2,Marketing,1,1021,3,Male,32,1,5,Research Scientist,4,Single,10977,5505,0,Y,No,17,3,1,80,0,16,2,1,13,8,3,7,₹7K–₹12K,10+ years,36–45
34,Yes,Travel_Rarely,721,Sales,5,1,Life Sciences,1,1022,1,Male,82,1,5,Manager,1,Married,10224,20550,1,Y,No,18,3,3,80,1,16,3,1,2,0,0,0,₹7K–₹12K,2–3 years,26–35
34,No,Non-Travel,502,Research & Development,9,2,Life Sciences,1,1023,2,Female,76,4,3,Manufacturing Director,2,Married,10187,4805,4,Y,No,17,4,4,80,1,6,1,4,0,0,0,0,₹7K–₹12K,<2 years,26–35
36,No,Travel_Rarely,1349,Sales,13,3,Marketing,1,1024,3,Male,68,3,5,Sales Executive,1,Divorced,12267,4353,3,Y,Yes,18,3,4,80,2,10,1,2,1,1,1,1,₹12K+,<2 years,36–45
50,No,Travel_Rarely,752,Human Resources,2,3,Life Sciences,1,1025,2,Female,80,4,3,Manager,2,Married,8952,14218,1,Y,No,19,3,3,80,1,19,4,2,18,9,3,5,₹7K–₹12K,10+ years,46–60
33,No,Travel_Rarely,876,Sales,6,1,Life Sciences,1,1026,1,Male,94,1,1,Sales Executive,2,Married,3041,16562,2,Y,Yes,16,3,3,80,3,11,0,1,11,3,3,1,<₹4K,10+ years,26–35
44,Yes,Travel_Rarely,1487,Sales,10,1,Technical Degree,1,1027,4,Female,56,3,5,Manager,1,Divorced,12714,12696,5,Y,No,16,3,1,80,0,14,1,1,14,6,7,2,₹12K+,10+ years,36–45
44,No,Travel_Frequently,1426,Research & Development,11,5,Life Sciences,1,1028,3,Male,53,4,2,Research Scientist,4,Divorced,5681,6269,1,Y,No,14,3,3,80,1,12,5,2,7,4,0,4,₹4K–₹7K,6–10 years,36–45
54,No,Travel_Rarely,1376,Research & Development,7,2,Life Sciences,1,1029,2,Male,97,2,1,Laboratory Technician,3,Married,6760,24983,2,Y,Yes,24,3,1,80,0,21,5,4,21,12,6,11,₹4K–₹7K,10+ years,46–60
29,No,Travel_Rarely,401,Research & Development,17,3,Marketing,1,1030,2,Female,56,1,4,Manager,1,Married,9026,16611,0,Y,Yes,16,3,1,80,0,8,3,3,6,4,0,3,₹7K–₹12K,6–10 years,26–35
22,No,Non-Travel,1394,Research & Development,15,1,Medical,1,1031,1,Female,64,4,2,Healthcare Representative,2,Married,4495,2748,4,Y,No,11,3,3,80,3,0,0,1,0,0,0,0,₹4K–₹7K,<2 years,18–25
39,No,Travel_Rarely,1201,Research & Development,11,5,Life Sciences,1,1032,3,Male,34,3,1,Laboratory Technician,3,Married,4073,14626,2,Y,No,21,3,2,80,1,5,0,3,0,0,0,0,₹4K–₹7K,<2 years,36–45
51,No,Non-Travel,769,Sales,15,5,Life Sciences,1,1033,2,Female,72,1,4,Sales Representative,2,Married,10754,22708,1,Y,No,21,3,4,80,1,25,3,3,18,6,4,4,₹7K–₹12K,10+ years,46–60
45,No,Travel_Rarely,682,Sales,6,1,Life Sciences,1,1034,4,Female,38,3,3,Sales Representative,1,Single,9244,22042,2,Y,No,22,3,4,80,1,18,0,2,13,9,2,2,₹7K–₹12K,10+ years,36–45
43,No,Travel_Rarely,962,Sales,2,2,Marketing,1,1035,3,Female,31,3,5,Manager,3,Married,11516,10609,2,Y,No,17,3,4,80,0,22,6,2,11,3,5,0,₹7K–₹12K,10+ years,36–45
43,No,Travel_Rarely,1024,Research & Development,12,5,Technical Degree,1,1036,1,Female,98,3,4,Research Director,3,Married,10278,14551,2,Y,No,20,3,3,80,0,18,6,1,11,9,0,6,₹7K–₹12K,10+ years,36–45
30,No,Travel_Rarely,410,Research & Development,10,2,Medical,1,1037,4,Female,55,4,3,Manufacturing Director,4,Single,9167,7636,4,Y,No,16,3,3,80,1,1,2,4,1,1,0,0,₹7K–₹12K,<2 years,26–35
37,No,Travel_Rarely,541,Research & Development,5,3,Medical,1,1038,4,Male,86,1,5,Manager,4,Married,11257,23447,1,Y,Yes,19,4,2,80,2,12,2,2,10,4,1,2,₹7K–₹12K,6–10 years,36–45
39,No,Travel_Rarely,1477,Human Resources,12,1,Medical,1,1039,1,Male,81,2,3,Manager,4,Married,7736,4160,4,Y,No,23,3,1,80,1,12,3,3,7,4,2,1,₹7K–₹12K,6–10 years,36–45
28,No,Travel_Rarely,569,Research & Development,13,4,Other,1,1040,1,Male,39,2,3,Manufacturing Director,3,Single,6318,9469,4,Y,No,25,3,3,80,0,1,1,3,1,0,0,0,₹4K–₹7K,<2 years,26–35
20,Yes,Travel_Rarely,1087,Sales,13,2,Other,1,1041,4,Male,99,4,3,Sales Representative,4,Single,7774,15082,1,Y,No,12,3,4,80,3,2,3,4,1,0,1,0,₹7K–₹12K,<2 years,18–25
26,No,Travel_Rarely,1369,Research & Development,9,3,Medical,1,1042,3,Male,76,2,3,Manufacturing Director,3,Married,7491,11950,3,Y,Yes,12,3,1,80,0,8,6,3,8,2,2,2,₹7K–₹12K,6–10 years,26–35
29,No,Travel_Rarely,894,Sales,9,3,Medical,1,1043,2,Female,88,3,3,Manager,3,Married,6626,16920,3,Y,No,22,4,3,80,2,9,5,4,0,0,0,0,₹4K–₹7K,<2 years,26–35
35,No,Travel_Rarely,1006,Research & Development,7,2,Medical,1,1044,3,Male,49,4,3,Healthcare Representative,1,Married,8479,21219,0,Y,No,13,3,1,80,3,16,3,1,10,8,1,8,₹7K–₹12K,6–10 years,26–35
39,No,Travel_Rarely,669,Sales,22,5,Life Sciences,1,1045,3,Male,98,4,2,Sales Executive,2,Divorced,6698,25338,1,Y,No,15,3,1,80,3,9,6,4,2,0,1,0,₹4K–₹7K,2–3 years,36–45
20,No,Travel_Rarely,1411,Sales,16,4,Medical,1,1046,3,Male,91,3,3,Manager,2,Married,6777,19476,2,Y,Yes,11,3,4,80,0,0,0,3,0,0,0,0,₹4K–₹7K,<2 years,18–25
41,No,Travel_Rarely,1360,Research & Development,10,4,Life Sciences,1,1047,2,Male,67,1,2,Laboratory Technician,2,Single,6496,11084,3,Y,No,13,4,4,80,0,13,5,2,5,1,3,0,₹4K–₹7K,4–5 years,36–45
29,No,Travel_Rarely,262,Research & Development,21,5,Life Sciences,1,1048,1,Female,67,1,3,Manager,3,Married,6802,12331,2,Y,Yes,15,3,2,80,2,7,1,2,3,0,2,0,₹4K–₹7K,2–3 years,26–35
34,No,Travel_Frequently,805,Human Resources,29,3,Life Sciences,1,1049,4,Female,70,2,4,Human Resources,4,Divorced,9983,6226,2,Y,No,15,3,1,80,3,15,5,2,7,7,4,6,₹7K–₹12K,6–10 years,26–35
38,No,Travel_Rarely,1126,Research & Development,1,2,Medical,1,1050,1,Female,46,2,5,Manufacturing Director,3,Married,11983,13958,4,Y,No,17,3,3,80,3,6,6,4,0,0,0,0,₹7K–₹12K,<2 years,36–45
28,No,Travel_Rarely,723,Research & Development,16,2,Medical,1,1051,4,Female,45,3,5,Research Scientist,4,Single,11509,26435,1,Y,Yes,17,3,2,80,0,11,4,4,1,1,0,1,₹7K–₹12K,<2 years,26–35
40,Yes,Travel_Rarely,1192,Research & Development,7,5,Medical,1,1052,1,Male,35,1,3,Manager,2,Single,6819,24789,3,Y,No,22,3,2,80,2,12,4,3,11,4,6,4,₹4K–₹7K,10+ years,36–45
26,No,Non-Travel,1031,Research & Development,1,1,Medical,1,1053,4,Male,36,4,5,Research Director,4,Married,10502,22648,3,Y,Yes,22,3,2,80,1,6,3,1,0,0,0,0,₹7K–₹12K,<2 years,26–35
40,No,Travel_Rarely,1436,Sales,9,4,Technical Degree,1,1054,2,Female,71,1,5,Manager,2,Married,12197,4132,2,Y,No,18,3,4,80,2,18,2,2,10,7,1,6,₹12K+,6–10 years,36–45
38,No,Travel_Rarely,273,Research & Development,10,2,Life Sciences,1,1055,4,Male,82,4,4,Research Director,1,Divorced,9869,17791,1,Y,No,22,3,1,80,2,6,1,3,1,1,1,0,₹7K–₹12K,<2 years,36–45
27,No,Travel_Rarely,878,Human Resources,25,2,Medical,1,1056,3,Female,75,1,4,Manager,4,Married,9557,9621,0,Y,Yes,18,3,2,80,1,2,0,2,0,0,0,0,₹7K–₹12K,<2 years,26–35
50,No,Travel_Frequently,415,Research & Development,9,4,Life Sciences,1,1057,4,Male,40,1,2,Laboratory Technician,1,Married,7043,24947,0,Y,Yes,17,3,4,80,0,16,4,3,14,5,4,1,₹7K–₹12K,10+ years,46–60
37,Yes,Travel_Rarely,1143,Sales,29,3,Marketing,1,1058,3,Female,40,3,3,Manager,3,Married,6449,20351,6,Y,No,22,4,2,80,2,10,0,3,2,0,1,0,₹4K–₹7K,2–3 years,36–45
34,No,Travel_Frequently,641,Sales,27,1,Life Sciences,1,1059,2,Female,72,4,2,Sales Representative,3,Married,6656,17831,2,Y,Yes,14,4,4,80,3,16,6,2,8,3,0,2,₹4K–₹7K,6–10 years,26–35
58,No,Travel_Frequently,563,Sales,13,4,Marketing,1,1060,3,Female,79,4,2,Sales Representative,4,Single,7676,10462,3,Y,No,23,3,4,80,3,17,6,1,8,0,5,0,₹7K–₹12K,6–10 years,46–60
32,No,Travel_Rarely,275,Research & Development,17,3,Life Sciences,1,1061,3,Male,97,3,3,Laboratory Technician,3,Divorced,6436,13790,2,Y,No,17,3,2,80,0,7,0,1,3,2,0,1,₹4K–₹7K,2–3 years,26–35
18,Yes,Travel_Frequently,750,Research & Development,11,4,Medical,1,1062,4,Male,53,1,3,Research Scientist,1,Divorced,7075,15847,1,Y,Yes,20,3,1,80,1,0,0,2,0,0,0,0,₹7K–₹12K,<2 years,18–25
43,No,Travel_Rarely,816,Research & Development,14,4,Medical,1,1063,3,Male,57,4,3,Manufacturing Director,1,Single,6541,13210,3,Y,No,21,3,3,80,3,19,2,1,14,4,4,2,₹4K–₹7K,10+ years,36–45
38,No,Non-Travel,769,Research & Development,14,4,Medical,1,1064,1,Female,80,3,5,Manager,2,Married,10693,6540,6,Y,No,18,3,1,80,0,3,1,4,0,0,0,0,₹7K–₹12K,<2 years,36–45
31,No,Travel_Rarely,1238,Research & Development,12,1,Medical,1,1065,2,Male,37,2,4,Manufacturing Director,3,Married,9082,26282,1,Y,No,18,3,1,80,2,15,4,4,7,4,0,4,₹7K–₹12K,6–10 years,26–35
35,No,Travel_Rarely,1244,Research & Development,17,2,Life Sciences,1,1066,3,Male,66,2,3,Research Director,1,Single,6630,25084,1,Y,No,23,3,3,80,0,13,0,4,8,1,1,1,₹4K–₹7K,6–10 years,26–35
33,No,Travel_Rarely,657,Research & Development,6,2,Marketing,1,1067,4,Male,95,2,5,Research Scientist,4,Divorced,11534,7905,3,Y,Yes,11,3,2,80,3,3,5,1,1,1,1,0,₹7K–₹12K,<2 years,26–35
50,No,Travel_Rarely,314,Research & Development,10,5,Life Sciences,1,1068,4,Male,84,2,1,Research Scientist,3,Married,5713,24338,1,Y,No,25,3,2,80,2,17,3,4,5,5,0,4,₹4K–₹7K,4–5 years,46–60
40,No,Travel_Rarely,1057,Research & Development,19,4,Marketing,1,1069,2,Male,71,1,4,Research Director,3,Divorced,11063,4574,2,Y,Yes,24,3,2,80,1,14,5,4,13,5,2,3,₹7K–₹12K,10+ years,36–45
18,No,Travel_Rarely,1420,Sales,1,2,Other,1,1070,2,Female,70,4,5,Sales Executive,3,Married,9737,6355,2,Y,No,23,4,4,80,0,0,5,1,0,0,0,0,₹7K–₹12K,<2 years,18–25
39,Yes,Travel_Frequently,998,Research & Development,7,5,Marketing,1,1071,4,Male,52,4,1,Laboratory Technician,1,Single,6298,21021,0,Y,No,14,4,3,80,0,5,5,3,0,0,0,0,₹4K–₹7K,<2 years,36–45
37,No,Travel_Rarely,891,Sales,5,3,Life Sciences,1,1072,3,Female,47,2,1,Sales Executive,3,Married,4842,5707,3,Y,No,25,4,4,80,3,7,6,1,2,2,2,2,₹4K–₹7K,2–3 years,36–45
38,No,Travel_Rarely,951,Research & Development,15,2,Medical,1,1073,1,Male,80,4,4,Manager,3,Single,8620,15911,3,Y,No,15,3,3,80,3,9,1,3,9,4,3,4,₹7K–₹12K,6–10 years,36–45
51,No,Travel_Rarely,216,Sales,6,5,Medical,1,1074,2,Male,41,2,2,Sales Executive,4,Married,6925,7411,2,Y,No,19,3,3,80,1,24,6,4,16,8,4,8,₹4K–₹7K,10+ years,46–60
28,No,Travel_Rarely,274,Research & Development,3,1,Life Sciences,1,1075,2,Male,75,2,3,Manufacturing Director,4,Married,8250,8217,1,Y,Yes,24,3,3,80,3,11,1,2,2,0,2,0,₹7K–₹12K,2–3 years,26–35
49,No,Travel_Rarely,115,Research & Development,11,2,Technical Degree,1,1076,1,Male,37,4,4,Research Scientist,3,Married,10697,13064,0,Y,No,25,3,4,80,0,13,0,1,13,6,5,5,₹7K–₹12K,10+ years,46–60
36,No,Travel_Frequently,951,Sales,15,5,Life Sciences,1,1077,4,Male,78,1,2,Sales Representative,3,Divorced,6328,15228,0,Y,No,24,3,2,80,2,6,0,4,6,3,3,3,₹4K–₹7K,6–10 years,36–45
24,Yes,Travel_Rarely,1257,Research & Development,14,2,Marketing,1,1078,1,Female,33,4,3,Manager,3,Married,7919,17030,3,Y,No,16,3,4,80,2,7,3,1,0,0,0,0,₹7K–₹12K,<2 years,18–25
41,No,Non-Travel,140,Research & Development,29,2,Life Sciences,1,1079,2,Male,56,2,3,Research Scientist,3,Married,8649,2419,3,Y,No,23,3,1,80,0,19,6,1,12,8,2,6,₹7K–₹12K,10+ years,36–45
19,No,Travel_Rarely,1359,Research & Development,2,1,Life Sciences,1,1080,4,Male,33,2,1,Manufacturing Director,1,Married,5066,15709,3,Y,No,14,4,2,80,0,0,3,2,0,0,0,0,₹4K–₹7K,<2 years,18–25
29,No,Travel_Rarely,517,Research & Development,26,3,Technical Degree,1,1081,1,Male,30,4,4,Manufacturing Director,4,Married,10979,15209,1,Y,No,21,3,2,80,1,1,0,3,1,1,1,0,₹7K–₹12K,<2 years,26–35
29,No,Travel_Frequently,1432,Sales,11,5,Other,1,1082,4,Male,91,2,4,Manager,3,Married,10463,11977,1,Y,No,21,3,3,80,3,6,0,2,4,3,1,3,₹7K–₹12K,4–5 years,26–35
60,No,Travel_Rarely,331,Research & Development,29,1,Marketing,1,1083,4,Male,34,2,2,Healthcare Representative,4,Single,8385,19438,1,Y,Yes,11,3,3,80,1,28,0,1,18,10,4,7,₹7K–₹12K,10+ years,46–60
28,No,Travel_Rarely,912,Research & Development,2,2,Life Sciences,1,1084,1,Female,32,3,4,Manufacturing Director,4,Married,9903,22053,5,Y,No,25,3,1,80,1,10,3,2,10,7,2,4,₹7K–₹12K,6–10 years,26–35
35,No,Travel_Rarely,847,Human Resources,29,2,Medical,1,1085,2,Male,97,2,2,Human Resources,1,Married,7112,8710,4,Y,Yes,24,3,1,80,0,12,0,2,4,2,2,0,₹7K–₹12K,4–5 years,26–35
25,No,Travel_Rarely,703,Research & Development,21,1,Life Sciences,1,1086,2,Male,82,2,3,Healthcare Representative,1,Divorced,7082,9118,1,Y,No,23,4,4,80,0,6,4,3,0,0,0,0,₹7K–₹12K,<2 years,18–25
59,No,Travel_Rarely,1434,Research & Development,12,2,Life Sciences,1,1087,1,Male,62,1,1,Research Scientist,2,Divorced,3890,17457,1,Y,Yes,23,3,4,80,2,29,0,1,20,9,7,8,<₹4K,10+ years,46–60
37,No,Travel_Rarely,1034,Sales,19,3,Marketing,1,1088,1,Female,46,1,2,Sales Executive,4,Married,7111,17516,3,Y,No,13,3,4,80,0,4,0,3,4,0,0,0,₹7K–₹12K,4–5 years,36–45
29,Yes,Non-Travel,377,Research & Development,5,2,Marketing,1,1089,1,Male,38,3,3,Research Scientist,1,Married,7882,19862,4,Y,No,11,3,3,80,0,14,3,3,5,4,2,4,₹7K–₹12K,4–5 years,26–35
29,Yes,Travel_Rarely,1219,Human Resources,15,4,Technical Degree,1,1090,3,Male,96,2,1,Manager,4,Married,5486,21456,6,Y,Yes,13,3,4,80,2,10,5,2,10,2,0,2,₹4K–₹7K,6–10 years,26–35
48,No,Travel_Rarely,1099,Sales,9,5,Medical,1,1091,1,Female,47,1,2,Manager,2,Married,8012,23275,1,Y,Yes,14,3,4,80,1,10,1,1,3,1,3,1,₹7K–₹12K,2–3 years,46–60
38,Yes,Travel_Rarely,1247,Sales,5,2,Medical,1,1092,4,Male,60,4,2,Sales Executive,2,Married,4941,12499,2,Y,No,25,3,4,80,0,21,2,1,17,10,6,4,₹4K–₹7K,10+ years,36–45
27,No,Travel_Rarely,1161,Research & Development,7,3,Medical,1,1093,4,Female,49,2,4,Research Director,3,Single,7346,6578,2,Y,No,17,3,2,80,1,13,5,3,7,2,6,2,₹7K–₹12K,6–10 years,26–35
36,No,Travel_Rarely,373,Human Resources,6,1,Life Sciences,1,1094,1,Male,43,3,3,Manager,1,Married,7796,2445,0,Y,No,18,3,4,80,3,15,5,1,4,4,2,2,₹7K–₹12K,4–5 years,36–45
26,No,Travel_Rarely,106,Research & Development,8,2,Life Sciences,1,1095,3,Male,58,1,4,Research Director,4,Single,8778,4767,0,Y,No,24,3,2,80,1,8,1,2,3,0,2,0,₹7K–₹12K,2–3 years,26–35
40,Yes,Travel_Frequently,259,Research & Development,5,5,Medical,1,1096,4,Male,38,2,3,Manager,2,Divorced,8525,18917,0,Y,No,16,3,1,80,0,10,1,3,4,4,2,4,₹7K–₹12K,4–5 years,36–45
50,No,Travel_Frequently,1415,Research & Development,19,4,Marketing,1,1097,1,Female,35,1,2,Research Scientist,4,Married,7607,21091,4,Y,No,17,4,4,80,1,21,6,1,9,4,3,3,₹7K–₹12K,6–10 years,46–60
45,Yes,Travel_Rarely,1260,Research & Development,19,1,Medical,1,1098,3,Male,98,3,1,Research Scientist,1,Single,5046,9090,3,Y,No,17,3,4,80,0,15,3,3,11,5,3,5,₹4K–₹7K,10+ years,36–45
38,No,Non-Travel,145,Sales,8,2,Medical,1,1099,1,Male,53,3,5,Manager,2,Married,10179,4215,2,Y,No,24,3,4,80,1,4,4,4,3,0,0,0,₹7K–₹12K,2–3 years,36–45
36,No,Travel_Rarely,640,Research & Development,8,3,Life Sciences,1,1100,4,Male,33,1,5,Manager,3,Divorced,11835,20251,2,Y,No,14,3,3,80,2,12,3,1,12,9,3,4,₹7K–₹12K,10+ years,36–45
39,No,Travel_Frequently,794,Research & Development,25,5,Marketing,1,1101,3,Male,83,4,5,Manufacturing Director,4,Married,12411,18699,2,Y,No,12,3,2,80,0,12,2,4,11,3,2,0,₹12K+,10+ years,36–45
26,No,Non-Travel,468,Sales,21,2,Life Sciences,1,1102,4,Male,44,2,3,Sales Representative,1,Divorced,9121,11572,3,Y,No,16,3,4,80,2,6,4,1,0,0,0,0,₹7K–₹12K,<2 years,26–35
40,Yes,Travel_Frequently,719,Sales,4,1,Human Resources,1,1103,4,Male,32,3,2,Sales Executive,4,Married,6794,23499,0,Y,No,18,3,1,80,0,4,4,3,4,2,3,1,₹4K–₹7K,4–5 years,36–45
44,Yes,Travel_Frequently,113,Research & Development,14,5,Life Sciences,1,1104,2,Female,71,3,2,Laboratory Technician,1,Divorced,7602,13981,2,Y,Yes,14,3,2,80,2,15,5,2,13,6,5,5,₹7K–₹12K,10+ years,36–45
42,No,Travel_Rarely,582,Research & Development,10,3,Life Sciences,1,1105,2,Male,74,3,3,Manufacturing Director,1,Married,8619,19087,1,Y,Yes,12,3,2,80,1,15,6,1,11,9,1,7,₹7K–₹12K,10+ years,36–45
40,No,Travel_Rarely,1228,Sales,7,3,Marketing,1,1106,4,Male,57,3,2,Sales Executive,3,Married,5915,6494,4,Y,No,17,3,3,80,2,11,5,1,5,0,0,0,₹4K–₹7K,4–5 years,36–45
35,No,Travel_Rarely,581,Research & Development,7,5,Life Sciences,1,1107,2,Female,49,3,1,Laboratory Technician,3,Married,3546,11974,0,Y,No,16,3,1,80,0,9,3,3,1,1,1,1,<₹4K,<2 years,26–35
27,Yes,Travel_Rarely,1326,Research & Development,29,4,Medical,1,1108,2,Male,50,2,5,Manager,2,Married,9996,13540,4,Y,Yes,16,3,1,80,0,1,5,1,0,0,0,0,₹7K–₹12K,<2 years,26–35
38,No,Travel_Rarely,295,Research & Development,12,5,Medical,1,1109,1,Female,32,4,2,Research Director,3,Married,5961,4973,0,Y,No,22,3,4,80,2,14,5,3,6,0,3,0,₹4K–₹7K,6–10 years,36–45
30,No,Travel_Rarely,1356,Sales,22,2,Other,1,1110,2,Female,62,4,2,Manager,2,Married,6180,9352,1,Y,No,24,3,4,80,0,6,1,3,6,0,1,0,₹4K–₹7K,6–10 years,26–35
34,No,Travel_Rarely,232,Sales,12,4,Medical,1,1111,3,Male,43,2,4,Sales Representative,3,Single,10726,21185,2,Y,No,22,3,3,80,3,14,1,4,12,7,2,6,₹7K–₹12K,10+ years,26–35
28,No,Travel_Rarely,162,Research & Development,2,3,Life Sciences,1,1112,1,Male,36,4,3,Laboratory Technician,1,Married,6470,9775,2,Y,Yes,16,3,4,80,0,6,6,1,3,3,3,0,₹4K–₹7K,2–3 years,26–35
36,No,Travel_Rarely,455,Research & Development,13,3,Life Sciences,1,1113,4,Male,65,2,3,Manager,1,Married,8460,25737,2,Y,No,22,3,4,80,1,7,1,4,5,0,2,0,₹7K–₹12K,4–5 years,36–45
45,No,Travel_Frequently,111,Research & Development,16,3,Life Sciences,1,1114,4,Female,52,2,2,Laboratory Technician,2,Single,7120,7483,1,Y,Yes,17,3,2,80,0,15,1,4,5,0,3,0,₹7K–₹12K,4–5 years,36–45
38,No,Travel_Rarely,1155,Research & Development,9,4,Life Sciences,1,1115,4,Male,96,4,3,Research Director,4,Married,9965,4562,2,Y,No,25,3,4,80,2,7,3,1,7,2,1,1,₹7K–₹12K,6–10 years,36–45
41,Yes,Travel_Rarely,1374,Research & Development,5,4,Technical Degree,1,1116,2,Male,79,1,1,Manufacturing Director,2,Married,7338,25622,1,Y,No,17,3,4,80,2,19,5,3,18,9,7,5,₹7K–₹12K,10+ years,36–45
37,No,Travel_Rarely,1446,Sales,25,3,Medical,1,1117,3,Female,81,4,4,Manager,1,Divorced,9021,18576,2,Y,No,24,3,3,80,2,14,1,2,14,2,3,2,₹7K–₹12K,10+ years,36–45
45,No,Travel_Rarely,482,Research & Development,21,1,Life Sciences,1,1118,3,Male,67,3,3,Manager,4,Married,8459,25485,3,Y,No,11,3,2,80,1,18,1,2,15,7,3,5,₹7K–₹12K,10+ years,36–45
28,No,Travel_Rarely,886,Research & Development,29,3,Life Sciences,1,1119,1,Male,69,3,4,Manager,4,Married,8895,18738,0,Y,No,12,3,2,80,3,8,2,4,2,0,0,0,₹7K–₹12K,2–3 years,26–35
31,No,Travel_Rarely,1113,Research & Development,11,4,Life Sciences,1,1120,1,Male,49,1,1,Manager,1,Divorced,4375,8774,3,Y,No,17,3,1,80,0,15,6,2,13,10,2,6,₹4K–₹7K,10+ years,26–35
46,No,Travel_Frequently,296,Research & Development,16,3,Medical,1,1121,4,Male,36,3,2,Research Scientist,3,Single,7041,9515,3,Y,No,16,3,3,80,1,16,5,3,15,4,7,2,₹7K–₹12K,10+ years,46–60
37,No,Travel_Rarely,845,Research & Development,10,2,Marketing,1,1122,2,Male,39,4,3,Healthcare Representative,3,Divorced,9099,26023,3,Y,No,21,3,4,80,3,14,0,4,14,4,4,4,₹7K–₹12K,10+ years,36–45
45,No,Travel_Rarely,471,Research & Development,4,1,Technical Degree,1,1123,3,Male,95,2,2,Manager,3,Single,5477,17398,0,Y,No,12,3,2,80,2,25,6,3,14,4,5,3,₹4K–₹7K,10+ years,36–45
29,No,Travel_Rarely,998,Research & Development,13,3,Life Sciences,1,1124,1,Female,39,4,4,Healthcare Representative,2,Single,6551,3769,4,Y,Yes,19,3,3,80,1,8,1,2,1,1,0,1,₹4K–₹7K,<2 years,26–35
29,No,Travel_Rarely,459,Sales,8,2,Medical,1,1125,2,Male,72,3,2,Sales Representative,4,Married,5362,13270,1,Y,Yes,15,3,3,80,3,8,6,3,2,0,1,0,₹4K–₹7K,2–3 years,26–35
48,No,Travel_Rarely,111,Research & Development,6,5,Life Sciences,1,1126,1,Female,42,1,3,Research Director,1,Married,7366,18170,1,Y,No,13,3,3,80,2,20,6,1,16,12,5,8,₹7K–₹12K,10+ years,46–60
47,No,Travel_Rarely,523,Research & Development,11,3,Medical,1,1127,1,Male,91,4,2,Healthcare Representative,2,Single,6881,22980,1,Y,Yes,20,3,1,80,2,15,1,1,3,0,0,0,₹4K–₹7K,2–3 years,46–60
36,No,Travel_Frequently,891,Sales,28,1,Medical,1,1128,3,Female,32,1,3,Manager,2,Married,9061,23911,4,Y,No,17,3,3,80,0,6,3,2,6,2,0,0,₹7K–₹12K,6–10 years,36–45
22,No,Travel_Frequently,124,Research & Development,3,2,Medical,1,1129,1,Female,70,3,3,Laboratory Technician,4,Married,5765,3808,5,Y,Yes,16,4,1,80,0,1,0,3,0,0,0,0,₹4K–₹7K,<2 years,18–25
43,Yes,Travel_Rarely,180,Sales,7,1,Medical,1,1130,2,Female,47,2,4,Sales Representative,4,Single,11080,16785,5,Y,Yes,11,3,3,80,0,16,3,4,14,7,5,6,₹7K–₹12K,10+ years,36–45
41,Yes,Non-Travel,1251,Research & Development,18,2,Marketing,1,1131,3,Male,41,4,3,Healthcare Representative,3,Single,8165,2977,0,Y,Yes,22,4,3,80,1,13,0,2,8,4,2,1,₹7K–₹12K,6–10 years,36–45
43,No,Travel_Rarely,1147,Research & Development,12,1,Life Sciences,1,1132,1,Female,78,1,3,Manager,4,Married,8793,25088,5,Y,No,15,3,2,80,3,9,4,4,9,2,3,1,₹7K–₹12K,6–10 years,36–45
39,No,Travel_Rarely,735,Human Resources,4,2,Life Sciences,1,1133,2,Female,79,2,4,Manager,1,Single,8890,12044,2,Y,No,11,3,3,80,1,9,4,3,4,0,2,0,₹7K–₹12K,4–5 years,36–45
56,Yes,Non-Travel,325,Research & Development,8,4,Medical,1,1134,4,Male,74,1,3,Research Director,1,Divorced,8672,17816,3,Y,No,13,3,3,80,0,23,1,1,13,6,5,3,₹7K–₹12K,10+ years,46–60
19,No,Travel_Frequently,126,Sales,15,4,Medical,1,1135,3,Male,93,3,2,Sales Executive,1,Married,6010,26196,3,Y,Yes,12,3,3,80,2,0,3,2,0,0,0,0,₹4K–₹7K,<2 years,18–25
29,No,Travel_Rarely,1117,Sales,8,2,Marketing,1,1136,2,Female,95,3,4,Manager,4,Married,10462,13614,1,Y,No,13,3,2,80,0,11,0,1,7,5,3,4,₹7K–₹12K,6–10 years,26–35
35,Yes,Travel_Rarely,939,Research & Development,29,4,Medical,1,1137,1,Male,86,2,4,Manager,2,Divorced,9368,20196,3,Y,Yes,16,3,3,80,3,6,5,1,0,0,0,0,₹7K–₹12K,<2 years,26–35
40,No,Travel_Rarely,496,Sales,4,4,Life Sciences,1,1138,4,Male,85,4,4,Manager,3,Married,11303,13219,1,Y,No,14,4,4,80,0,16,5,4,14,7,3,4,₹7K–₹12K,10+ years,36–45
31,No,Travel_Rarely,973,Research & Development,1,2,Life Sciences,1,1139,1,Female,89,3,1,Healthcare Representative,2,Single,3879,7389,6,Y,No,15,3,4,80,0,0,2,3,0,0,0,0,<₹4K,<2 years,26–35
43,No,Travel_Rarely,1336,Research & Development,13,4,Medical,1,1140,4,Male,47,1,4,Laboratory Technician,2,Married,10450,23514,2,Y,Yes,20,3,2,80,1,18,3,3,10,6,4,3,₹7K–₹12K,6–10 years,36–45
30,No,Non-Travel,849,Research & Development,8,1,Medical,1,1141,1,Female,90,2,4,Research Director,4,Married,9988,13390,2,Y,Yes,15,3,4,80,0,7,5,2,7,4,2,1,₹7K–₹12K,6–10 years,26–35
36,No,Travel_Frequently,1285,Sales,4,3,Marketing,1,1142,1,Female,39,3,4,Sales Executive,4,Divorced,9727,25048,1,Y,No,21,3,4,80,0,13,2,1,8,8,5,8,₹7K–₹12K,6–10 years,36–45
30,No,Travel_Frequently,826,Research & Development,14,2,Life Sciences,1,1143,2,Male,44,2,2,Manufacturing Director,4,Single,5391,18369,4,Y,Yes,19,3,2,80,2,7,6,4,7,2,1,2,₹4K–₹7K,6–10 years,26–35
28,No,Travel_Frequently,167,Research & Development,3,1,Human Resources,1,1144,1,Male,72,2,5,Manufacturing Director,2,Married,11471,24654,0,Y,Yes,14,3,1,80,2,7,2,1,4,4,1,1,₹7K–₹12K,4–5 years,26–35
27,No,Non-Travel,192,Research & Development,5,4,Marketing,1,1145,3,Female,53,1,2,Research Scientist,2,Divorced,4793,24773,2,Y,Yes,18,3,1,80,3,2,4,4,2,0,1,0,₹4K–₹7K,2–3 years,26–35
30,Yes,Travel_Rarely,251,Research & Development,3,3,Life Sciences,1,1146,2,Male,56,2,1,Healthcare Representative,4,Single,4309,25297,3,Y,No,17,3,2,80,1,7,5,1,1,0,0,0,₹4K–₹7K,<2 years,26–35
30,No,Travel_Rarely,1001,Research & Development,8,1,Marketing,1,1147,2,Male,46,3,3,Manufacturing Director,1,Married,6951,20043,4,Y,No,19,3,1,80,1,11,1,1,8,4,3,4,₹4K–₹7K,6–10 years,26–35
27,No,Travel_Rarely,1412,Sales,9,1,Marketing,1,1148,2,Male,80,2,5,Sales Executive,1,Single,11590,16940,2,Y,No,12,3,2,80,1,5,0,1,0,0,0,0,₹7K–₹12K,<2 years,26–35
53,No,Travel_Rarely,216,Research & Development,9,5,Life Sciences,1,1149,2,Female,37,3,3,Manager,3,Married,9213,13348,2,Y,Yes,20,3,2,80,3,20,4,3,8,8,3,6,₹7K–₹12K,6–10 years,46–60
38,Yes,Travel_Rarely,364,Research & Development,4,1,Medical,1,1150,3,Male,48,2,4,Laboratory Technician,4,Married,10484,4788,3,Y,Yes,15,4,3,80,0,12,0,3,12,8,4,6,₹7K–₹12K,10+ years,36–45
31,No,Non-Travel,967,Research & Development,22,3,Marketing,1,1151,4,Male,65,2,4,Healthcare Representative,2,Married,8578,22192,1,Y,No,15,4,3,80,0,8,6,1,0,0,0,0,₹7K–₹12K,<2 years,26–35
45,No,Non-Travel,477,Human Resources,16,5,Medical,1,1152,3,Female,32,1,1,Human Resources,3,Divorced,5253,10817,1,Y,No,16,3,1,80,2,9,2,1,9,0,3,0,₹4K–₹7K,6–10 years,36–45
42,No,Travel_Rarely,650,Sales,16,5,Marketing,1,1153,3,Female,75,2,3,Sales Representative,1,Divorced,8956,15457,1,Y,Yes,12,3,4,80,0,21,0,2,9,2,4,0,₹7K–₹12K,6–10 years,36–45
48,Yes,Travel_Frequently,642,Human Resources,17,2,Medical,1,1154,1,Male,94,4,3,Human Resources,2,Single,9196,8542,2,Y,Yes,22,3,4,80,3,17,4,3,7,0,0,0,₹7K–₹12K,6–10 years,46–60
42,No,Travel_Rarely,1103,Research & Development,18,4,Other,1,1155,2,Male,33,3,3,Laboratory Technician,2,Married,9273,12369,1,Y,No,11,3,3,80,0,19,2,1,14,8,4,6,₹7K–₹12K,10+ years,36–45
31,No,Travel_Rarely,686,Research & Development,3,2,Medical,1,1156,3,Male,50,2,1,Research Scientist,4,Married,5353,4391,2,Y,Yes,11,3,1,80,3,4,3,1,4,0,0,0,₹4K–₹7K,4–5 years,26–35
41,No,Travel_Rarely,1006,Research & Development,9,2,Life Sciences,1,1157,3,Male,56,1,3,Research Scientist,1,Single,8790,19678,1,Y,No,18,4,3,80,0,11,6,3,11,5,2,5,₹7K–₹12K,10+ years,36–45
37,No,Travel_Rarely,523,Sales,4,5,Medical,1,1158,3,Male,44,4,3,Sales Executive,3,Divorced,8621,7397,1,Y,No,22,4,1,80,2,4,4,3,0,0,0,0,₹7K–₹12K,<2 years,36–45
28,No,Travel_Rarely,347,Research & Development,24,4,Other,1,1159,1,Male,99,2,3,Healthcare Representative,1,Single,7353,17155,4,Y,No,19,3,3,80,3,7,5,2,7,7,3,7,₹7K–₹12K,6–10 years,26–35
34,No,Travel_Rarely,286,Research & Development,4,1,Life Sciences,1,1160,4,Male,52,2,3,Research Director,4,Single,6116,26173,1,Y,Yes,15,3,1,80,3,10,1,1,10,5,1,5,₹4K–₹7K,6–10 years,26–35
32,No,Travel_Rarely,742,Sales,17,3,Technical Degree,1,1161,4,Female,38,1,4,Sales Executive,3,Married,10457,10951,1,Y,No,13,4,4,80,0,1,4,3,0,0,0,0,₹7K–₹12K,<2 years,26–35
28,No,Travel_Rarely,1354,Research & Development,29,2,Marketing,1,1162,4,Female,33,3,5,Research Director,2,Divorced,10810,7444,2,Y,No,24,3,4,80,3,7,2,1,4,2,1,2,₹7K–₹12K,4–5 years,26–35
26,No,Travel_Rarely,612,Research & Development,9,5,Marketing,1,1163,3,Male,37,4,5,Manufacturing Director,2,Divorced,10242,26772,3,Y,No,15,3,2,80,3,2,4,2,0,0,0,0,₹7K–₹12K,<2 years,26–35
56,Yes,Travel_Rarely,846,Research & Development,19,4,Life Sciences,1,1164,2,Male,90,3,2,Laboratory Technician,2,Divorced,8512,6308,6,Y,No,23,4,2,80,2,24,3,1,15,3,4,2,₹7K–₹12K,10+ years,46–60
27,No,Travel_Frequently,1242,Research & Development,4,5,Medical,1,1165,2,Female,60,2,5,Research Scientist,2,Single,11437,24953,1,Y,No,18,3,1,80,3,10,0,4,8,5,3,5,₹7K–₹12K,6–10 years,26–35
56,No,Travel_Rarely,1236,Research & Development,2,1,Technical Degree,1,1166,4,Male,31,3,2,Manager,4,Divorced,6293,2251,1,Y,No,22,4,2,80,1,18,5,1,15,9,3,5,₹4K–₹7K,10+ years,46–60
29,No,Travel_Rarely,1408,Research & Development,5,5,Life Sciences,1,1167,3,Male,91,3,3,Manufacturing Director,3,Single,5490,7477,0,Y,No,20,3,4,80,1,2,0,3,0,0,0,0,₹4K–₹7K,<2 years,26–35
44,No,Travel_Rarely,221,Research & Development,6,2,Life Sciences,1,1168,1,Male,49,4,5,Laboratory Technician,3,Single,12907,18001,5,Y,No,23,3,4,80,0,15,4,3,7,2,2,0,₹12K+,6–10 years,36–45
37,No,Travel_Rarely,1240,Research & Development,10,2,Life Sciences,1,1169,2,Male,71,2,3,Manager,2,Single,7437,14441,3,Y,No,25,3,1,80,0,14,5,3,10,5,2,1,₹7K–₹12K,6–10 years,36–45
29,No,Travel_Rarely,856,Sales,19,1,Life Sciences,1,1170,3,Male,96,1,5,Manager,1,Divorced,11161,6610,2,Y,Yes,21,3,4,80,0,2,5,1,0,0,0,0,₹7K–₹12K,<2 years,26–35
33,No,Travel_Rarely,652,Sales,10,5,Medical,1,1171,1,Male,65,1,4,Manager,4,Married,10021,18629,3,Y,No,22,3,2,80,1,6,3,2,3,2,2,2,₹7K–₹12K,2–3 years,26–35
41,No,Travel_Frequently,243,Research & Development,8,2,Life Sciences,1,1172,2,Female,61,4,1,Manufacturing Director,4,Married,5907,19110,1,Y,No,15,3,4,80,0,6,5,4,6,2,2,1,₹4K–₹7K,6–10 years,36–45
18,No,Travel_Rarely,705,Research & Development,13,4,Life Sciences,1,1173,4,Female,40,3,2,Healthcare Representative,2,Single,4783,26022,3,Y,No,22,3,2,80,1,0,2,2,0,0,0,0,₹4K–₹7K,<2 years,18–25
35,No,Travel_Rarely,546,Sales,9,1,Medical,1,1174,2,Female,38,1,4,Sales Executive,3,Married,11015,15418,2,Y,No,16,3,2,80,3,6,6,3,4,0,0,0,₹7K–₹12K,4–5 years,26–35
30,No,Travel_Rarely,999,Research & Development,5,1,Medical,1,1175,4,Female,84,1,3,Research Director,1,Married,8664,3243,2,Y,No,21,4,1,80,2,4,5,4,0,0,0,0,₹7K–₹12K,<2 years,26–35
21,No,Travel_Rarely,1090,Research & Development,2,5,Life Sciences,1,1176,2,Female,54,2,2,Healthcare Representative,2,Married,6185,15829,4,Y,No,19,3,3,80,0,9,2,1,3,1,0,1,₹4K–₹7K,2–3 years,18–25
36,No,Travel_Frequently,313,Research & Development,16,2,Life Sciences,1,1177,1,Male,73,2,3,Research Scientist,1,Married,7456,21248,4,Y,Yes,21,3,3,80,3,9,0,2,5,2,0,0,₹7K–₹12K,4–5 years,36–45
45,No,Travel_Rarely,887,Human Resources,12,1,Life Sciences,1,1178,1,Female,64,1,5,Manager,3,Married,11043,14691,3,Y,No,24,3,2,80,2,12,2,3,7,3,1,1,₹7K–₹12K,6–10 years,36–45
52,No,Travel_Rarely,1217,Research & Development,29,4,Medical,1,1179,1,Female,58,3,4,Manager,4,Married,10040,13873,2,Y,Yes,12,3,4,80,2,14,5,3,5,0,0,0,₹7K–₹12K,4–5 years,46–60
18,No,Travel_Rarely,315,Research & Development,4,3,Life Sciences,1,1180,3,Male,47,2,5,Manager,2,Married,9528,8324,2,Y,Yes,12,3,2,80,0,0,2,4,0,0,0,0,₹7K–₹12K,<2 years,18–25
24,Yes,Travel_Frequently,1166,Research & Development,16,2,Life Sciences,1,1181,3,Male,93,1,4,Manager,1,Married,9745,9662,3,Y,No,11,4,3,80,0,2,3,3,2,0,2,0,₹7K–₹12K,2–3 years,18–25
36,No,Travel_Rarely,452,Research & Development,12,4,Medical,1,1182,4,Male,94,3,5,Laboratory Technician,3,Divorced,12025,11008,3,Y,Yes,23,3,4,80,0,15,4,4,10,8,1,2,₹12K+,6–10 years,36–45
28,No,Travel_Rarely,1101,Sales,18,5,Life Sciences,1,1183,3,Female,44,2,4,Manager,4,Single,10838,26220,4,Y,No,15,3,4,80,0,0,6,2,0,0,0,0,₹7K–₹12K,<2 years,26–35
35,No,Travel_Rarely,1344,Sales,17,1,Life Sciences,1,1184,1,Female,43,3,5,Sales Representative,1,Divorced,12079,12125,3,Y,No,20,3,2,80,0,5,6,2,0,0,0,0,₹12K+,<2 years,26–35
19,No,Travel_Frequently,670,Research & Development,4,1,Marketing,1,1185,4,Male,39,4,5,Manager,4,Married,9815,9444,0,Y,No,16,3,4,80,0,1,2,3,0,0,0,0,₹7K–₹12K,<2 years,18–25
44,No,Travel_Rarely,722,Research & Development,19,1,Technical Degree,1,1186,2,Male,59,2,2,Laboratory Technician,2,Married,6497,11768,3,Y,No,25,3,4,80,2,18,2,1,18,12,3,11,₹4K–₹7K,10+ years,36–45
29,No,Travel_Rarely,926,Research & Development,8,3,Life Sciences,1,1187,4,Male,33,1,3,Manager,1,Single,6839,21797,3,Y,No,16,3,1,80,1,8,5,3,8,3,4,1,₹4K–₹7K,6–10 years,26–35
24,No,Travel_Rarely,1168,Sales,3,1,Life Sciences,1,1188,2,Male,49,4,1,Sales Representative,2,Divorced,2586,22142,1,Y,No,15,3,3,80,0,0,1,2,0,0,0,0,<₹4K,<2 years,18–25
39,No,Travel_Frequently,729,Research & Development,15,4,Life Sciences,1,1189,1,Male,31,2,3,Manufacturing Director,3,Married,8645,19645,0,Y,No,23,4,1,80,2,11,2,1,11,11,3,10,₹7K–₹12K,10+ years,36–45
20,No,Travel_Rarely,1018,Sales,8,1,Life Sciences,1,1190,4,Male,62,4,4,Sales Executive,2,Married,7837,24471,3,Y,No,20,3,3,80,2,7,4,4,3,2,0,0,₹7K–₹12K,2–3 years,18–25
30,No,Non-Travel,910,Research & Development,29,3,Life Sciences,1,1191,4,Female,85,2,4,Research Director,3,Married,10036,26522,4,Y,No,23,3,2,80,0,11,1,2,3,3,0,2,₹7K–₹12K,2–3 years,26–35
34,Yes,Travel_Rarely,1023,Research & Development,3,4,Medical,1,1192,3,Male,53,1,3,Research Director,1,Divorced,7326,18766,3,Y,No,20,3,3,80,0,15,1,1,8,6,0,5,₹7K–₹12K,6–10 years,26–35
32,No,Travel_Rarely,871,Sales,16,1,Marketing,1,1193,2,Male,33,3,5,Sales Executive,4,Single,12908,6493,3,Y,No,18,3,3,80,1,10,4,3,2,2,2,0,₹12K+,2–3 years,26–35
50,No,Non-Travel,772,Research & Development,10,5,Medical,1,1194,4,Female,66,4,4,Research Director,3,Married,10198,9327,0,Y,No,13,3,2,80,3,22,6,3,14,2,6,2,₹7K–₹12K,10+ years,46–60
27,No,Travel_Rarely,375,Research & Development,14,5,Life Sciences,1,1195,1,Female,66,4,2,Healthcare Representative,4,Married,5829,25855,2,Y,No,12,3,2,80,3,7,0,4,3,3,0,0,₹4K–₹7K,2–3 years,26–35
42,No,Travel_Rarely,1363,Research & Development,8,2,Life Sciences,1,1196,4,Male,90,4,4,Healthcare Representative,4,Single,10529,6076,2,Y,No,20,4,2,80,3,11,4,2,5,1,3,0,₹7K–₹12K,4–5 years,36–45
34,No,Travel_Rarely,495,Sales,6,2,Life Sciences,1,1197,2,Male,47,2,2,Sales Executive,1,Divorced,4756,18862,3,Y,No,15,3,2,80,2,11,6,3,11,5,2,5,₹4K–₹7K,10+ years,26–35
47,No,Travel_Rarely,426,Research & Development,7,4,Marketing,1,1198,1,Male,89,2,3,Manager,2,Single,8077,24791,0,Y,Yes,14,3,4,80,3,16,1,1,8,6,2,3,₹7K–₹12K,6–10 years,46–60
39,No,Non-Travel,977,Research & Development,6,2,Medical,1,1199,4,Female,84,2,2,Research Scientist,1,Married,5976,12167,1,Y,No,12,3,1,80,0,11,2,2,1,0,1,0,₹4K–₹7K,<2 years,36–45
35,No,Travel_Rarely,890,Research & Development,20,3,Medical,1,1200,2,Male,31,1,3,Manager,2,Single,9272,14928,1,Y,No,23,3,3,80,2,7,3,2,3,0,2,0,₹7K–₹12K,2–3 years,26–35
29,Yes,Travel_Frequently,563,Research & Development,3,3,Life Sciences,1,1201,1,Female,73,3,4,Research Director,3,Married,9307,9369,1,Y,No,19,3,1,80,2,8,5,3,2,1,1,1,₹7K–₹12K,2–3 years,26–35
41,No,Travel_Rarely,162,Research & Development,11,1,Life Sciences,1,1202,1,Female,94,3,4,Research Director,1,Married,8821,26771,3,Y,No,12,4,2,80,1,15,5,3,9,1,4,0,₹7K–₹12K,6–10 years,36–45
22,Yes,Travel_Rarely,1180,Research & Development,14,4,Medical,1,1203,3,Male,35,4,2,Research Scientist,1,Single,4528,12094,1,Y,No,12,3,4,80,2,0,3,3,0,0,0,0,₹4K–₹7K,<2 years,18–25
38,No,Travel_Rarely,848,Sales,13,1,Marketing,1,1204,2,Male,36,3,4,Manager,4,Married,10558,25686,2,Y,No,13,3,3,80,1,15,1,3,12,9,3,6,₹7K–₹12K,10+ years,36–45
18,No,Travel_Frequently,447,Research & Development,10,4,Marketing,1,1205,1,Male,50,2,3,Laboratory Technician,3,Divorced,6457,13722,2,Y,No,23,4,4,80,1,0,1,4,0,0,0,0,₹4K–₹7K,<2 years,18–25
43,Yes,Travel_Rarely,912,Sales,4,3,Life Sciences,1,1206,1,Male,99,2,2,Sales Representative,1,Married,8037,15166,2,Y,Yes,18,3,2,80,0,16,6,1,12,6,4,3,₹7K–₹12K,10+ years,36–45
50,No,Travel_Frequently,879,Human Resources,12,5,Life Sciences,1,1207,3,Female,35,1,3,Human Resources,3,Married,9962,15945,2,Y,Yes,20,3,4,80,0,14,6,3,10,6,2,6,₹7K–₹12K,6–10 years,46–60
42,Yes,Travel_Rarely,241,Research & Development,27,3,Life Sciences,1,1208,2,Male,54,1,4,Research Scientist,1,Single,10056,10864,3,Y,No,11,3,3,80,0,15,1,2,14,5,6,3,₹7K–₹12K,10+ years,36–45
35,No,Travel_Frequently,781,Sales,13,5,Life Sciences,1,1209,3,Female,73,2,2,Sales Executive,3,Divorced,5901,2486,2,Y,No,11,4,3,80,2,9,2,3,4,0,2,0,₹4K–₹7K,4–5 years,26–35
43,No,Travel_Rarely,1090,Human Resources,26,2,Technical Degree,1,1210,4,Male,56,2,5,Manager,1,Single,13212,17305,2,Y,Yes,20,3,1,80,0,17,0,4,11,4,4,4,₹12K+,10+ years,36–45
38,No,Travel_Rarely,197,Research & Development,9,2,Medical,1,1211,3,Male,53,1,3,Laboratory Technician,1,Divorced,7255,9352,4,Y,No,21,3,2,80,1,9,5,4,3,3,0,1,₹7K–₹12K,2–3 years,36–45
52,Yes,Travel_Rarely,489,Sales,28,5,Life Sciences,1,1212,2,Male,75,3,5,Manager,2,Single,11693,8690,4,Y,No,20,3,3,80,3,18,0,2,14,8,4,7,₹7K–₹12K,10+ years,46–60
58,No,Travel_Frequently,708,Sales,12,2,Technical Degree,1,1213,1,Male,77,2,5,Manager,3,Married,12057,4883,2,Y,No,16,3,3,80,0,21,1,3,15,9,3,3,₹12K+,10+ years,46–60
44,No,Travel_Rarely,1382,Research & Development,8,2,Life Sciences,1,1214,1,Female,66,4,1,Laboratory Technician,2,Divorced,5070,25904,1,Y,Yes,16,3,1,80,3,16,2,2,7,2,3,0,₹4K–₹7K,6–10 years,36–45
56,No,Travel_Rarely,205,Research & Development,6,2,Life Sciences,1,1215,1,Male,72,1,4,Research Director,3,Single,10763,8945,1,Y,No,25,3,2,80,1,25,2,4,24,12,9,7,₹7K–₹12K,10+ years,46–60
22,No,Non-Travel,1255,Human Resources,17,5,Life Sciences,1,1216,4,Male,59,1,1,Human Resources,2,Single,3257,12687,3,Y,No,18,3,4,80,2,0,4,2,0,0,0,0,<₹4K,<2 years,18–25
28,Yes,Travel_Rarely,569,Sales,3,3,Medical,1,1217,1,Female,70,2,3,Sales Executive,2,Single,6373,4612,5,Y,No,23,3,2,80,0,6,0,3,0,0,0,0,₹4K–₹7K,<2 years,26–35
46,No,Non-Travel,562,Research & Development,9,3,Marketing,1,1218,3,Male,33,2,2,Research Scientist,4,Divorced,6652,13292,1,Y,No,25,3,4,80,3,11,1,3,10,2,1,2,₹4K–₹7K,6–10 years,46–60
43,No,Travel_Rarely,1219,Sales,20,1,Life Sciences,1,1219,2,Male,97,2,2,Sales Executive,1,Married,8132,4102,2,Y,No,23,3,2,80,3,14,3,2,12,8,3,5,₹7K–₹12K,10+ years,36–45
40,No,Travel_Rarely,1185,Sales,2,5,Marketing,1,1220,2,Male,71,3,3,Manager,2,Single,7660,13986,2,Y,Yes,24,3,4,80,0,12,1,2,9,0,4,0,₹7K–₹12K,6–10 years,36–45
40,Yes,Travel_Rarely,1118,Sales,21,5,Medical,1,1221,3,Male,60,2,1,Sales Executive,1,Married,3930,15748,2,Y,Yes,25,3,2,80,2,15,4,3,15,6,1,1,<₹4K,10+ years,36–45
39,No,Non-Travel,935,Research & Development,11,3,Marketing,1,1222,3,Female,74,1,4,Healthcare Representative,2,Married,10510,14012,1,Y,No,25,3,3,80,3,15,2,3,7,0,1,0,₹7K–₹12K,6–10 years,36–45
59,Yes,Travel_Rarely,1013,Research & Development,4,5,Medical,1,1223,3,Male,31,3,3,Laboratory Technician,2,Married,8514,9814,1,Y,No,17,3,4,80,0,21,2,3,17,11,3,11,₹7K–₹12K,10+ years,46–60
45,No,Travel_Rarely,1302,Sales,14,5,Life Sciences,1,1224,1,Female,51,1,3,Sales Representative,1,Single,8856,3120,2,Y,Yes,22,3,2,80,2,19,5,2,14,5,3,2,₹7K–₹12K,10+ years,36–45
52,No,Travel_Rarely,1374,Research & Development,5,5,Marketing,1,1225,2,Female,49,2,3,Manager,2,Married,9795,26160,1,Y,No,12,3,2,80,2,15,1,2,14,9,7,5,₹7K–₹12K,10+ years,46–60
22,No,Travel_Rarely,1066,Research & Development,4,3,Life Sciences,1,1226,2,Female,56,3,4,Manufacturing Director,3,Married,10149,15839,0,Y,Yes,22,4,4,80,1,1,2,4,1,1,0,0,₹7K–₹12K,<2 years,18–25
48,No,Travel_Rarely,461,Research & Development,27,5,Life Sciences,1,1227,4,Male,94,4,2,Laboratory Technician,4,Single,7063,13382,1,Y,No,19,4,4,80,2,15,0,4,15,4,4,4,₹7K–₹12K,10+ years,46–60
47,Yes,Travel_Frequently,888,Research & Development,18,1,Medical,1,1228,2,Male,72,3,1,Laboratory Technician,4,Single,3518,5820,5,Y,No,21,3,2,80,2,13,6,2,7,0,1,0,<₹4K,6–10 years,46–60
29,No,Non-Travel,1231,Sales,7,5,Marketing,1,1229,4,Female,58,3,3,Sales Representative,3,Divorced,8548,16494,0,Y,No,17,3,3,80,2,5,6,3,5,1,2,0,₹7K–₹12K,4–5 years,26–35
48,No,Travel_Rarely,593,Research & Development,9,5,Life Sciences,1,1230,4,Male,92,4,2,Healthcare Representative,3,Married,7184,10800,4,Y,No,14,4,2,80,3,14,2,2,11,7,3,5,₹7K–₹12K,10+ years,46–60
44,No,Travel_Rarely,568,Sales,8,4,Life Sciences,1,1231,2,Male,93,4,3,Sales Representative,2,Single,8185,18656,4,Y,No,23,3,3,80,3,3,1,4,0,0,0,0,₹7K–₹12K,<2 years,36–45
23,No,Travel_Rarely,506,Research & Development,11,3,Marketing,1,1232,1,Male,75,2,3,Healthcare Representative,2,Divorced,7075,26038,2,Y,No,22,3,3,80,0,0,2,3,0,0,0,0,₹7K–₹12K,<2 years,18–25
42,No,Travel_Rarely,743,Research & Development,16,3,Life Sciences,1,1233,1,Male,77,3,4,Manager,1,Divorced,9509,15772,0,Y,No,17,3,4,80,2,16,1,1,13,0,4,0,₹7K–₹12K,10+ years,36–45
41,No,Travel_Rarely,762,Research & Development,5,2,Medical,1,1234,3,Male,85,1,4,Healthcare Representative,4,Single,10267,15885,1,Y,No,15,3,1,80,0,14,4,3,5,4,5,4,₹7K–₹12K,4–5 years,36–45
43,No,Travel_Frequently,375,Sales,6,5,Life Sciences,1,1235,3,Female,50,4,5,Manager,2,Married,11148,6136,2,Y,No,13,3,1,80,1,17,6,1,15,11,7,7,₹7K–₹12K,10+ years,36–45
32,No,Travel_Rarely,1151,Research & Development,17,3,Marketing,1,1236,3,Female,60,4,5,Research Director,3,Married,12469,10963,1,Y,No,15,3,4,80,1,0,0,1,0,0,0,0,₹12K+,<2 years,26–35
31,No,Travel_Frequently,1278,Sales,5,3,Medical,1,1237,3,Male,34,1,5,Sales Representative,2,Married,9551,17670,3,Y,No,14,3,2,80,3,7,1,4,5,3,0,2,₹7K–₹12K,4–5 years,26–35
43,No,Travel_Rarely,1458,Sales,12,1,Marketing,1,1238,1,Female,97,4,5,Manager,4,Single,13737,9066,4,Y,Yes,12,3,1,80,1,4,4,3,3,3,3,0,₹12K+,2–3 years,36–45
45,No,Travel_Rarely,800,Research & Development,5,2,Human Resources,1,1239,3,Male,66,4,3,Healthcare Representative,2,Married,10113,24362,3,Y,No,18,4,2,80,0,18,0,4,6,1,2,1,₹7K–₹12K,6–10 years,36–45
31,No,Non-Travel,1377,Sales,7,5,Marketing,1,1240,1,Female,57,3,1,Sales Representative,1,Divorced,4919,13212,3,Y,No,20,3,3,80,3,10,0,1,10,7,5,5,₹4K–₹7K,6–10 years,26–35
53,Yes,Travel_Rarely,1345,Research & Development,12,1,Marketing,1,1241,3,Male,62,3,2,Research Scientist,1,Single,9021,4004,1,Y,Yes,19,3,1,80,2,21,5,2,18,12,5,10,₹7K–₹12K,10+ years,46–60
37,Yes,Travel_Rarely,550,Research & Development,29,2,Life Sciences,1,1242,2,Male,53,2,4,Research Director,1,Single,8984,3167,1,Y,Yes,22,3,2,80,0,3,6,2,3,3,1,1,₹7K–₹12K,2–3 years,36–45
32,No,Travel_Rarely,1002,Research & Development,4,3,Life Sciences,1,1243,4,Male,30,1,1,Healthcare Representative,4,Single,3027,26797,1,Y,No,12,4,4,80,0,5,3,3,3,0,3,0,<₹4K,2–3 years,26–35
51,No,Travel_Frequently,626,Research & Development,20,3,Life Sciences,1,1244,1,Male,80,3,2,Laboratory Technician,4,Married,7453,15604,3,Y,No,19,3,2,80,3,20,3,2,8,1,2,1,₹7K–₹12K,6–10 years,46–60
39,Yes,Travel_Frequently,1483,Sales,12,1,Medical,1,1245,1,Male,77,3,1,Sales Executive,1,Married,4900,4737,2,Y,Yes,25,4,3,80,3,11,6,2,8,3,1,3,₹4K–₹7K,6–10 years,36–45
28,No,Travel_Rarely,415,Research & Development,11,2,Life Sciences,1,1246,1,Female,40,4,4,Research Scientist,2,Married,8355,16846,2,Y,No,22,3,1,80,2,3,5,4,1,0,0,0,₹7K–₹12K,<2 years,26–35
40,No,Travel_Rarely,589,Research & Development,14,5,Medical,1,1247,2,Male,98,3,3,Research Scientist,4,Divorced,10010,12992,1,Y,No,11,3,1,80,2,14,2,2,5,3,1,3,₹7K–₹12K,4–5 years,36–45
48,No,Travel_Rarely,432,Research & Development,5,2,Life Sciences,1,1248,4,Male,61,1,3,Manager,1,Divorced,8400,16435,1,Y,No,16,3,2,80,2,22,0,1,7,3,1,3,₹7K–₹12K,6–10 years,46–60
45,No,Travel_Frequently,748,Research & Development,6,5,Life Sciences,1,1249,1,Female,69,1,3,Research Scientist,1,Married,7103,17976,2,Y,No,24,3,3,80,1,24,4,3,13,7,1,4,₹7K–₹12K,10+ years,36–45
35,No,Travel_Frequently,379,Research & Development,2,3,Medical,1,1250,2,Male,99,1,4,Manufacturing Director,1,Married,8132,23492,3,Y,No,24,3,1,80,0,15,2,2,13,7,3,4,₹7K–₹12K,10+ years,26–35
38,Yes,Travel_Rarely,1387,Sales,11,2,Marketing,1,1251,3,Male,80,1,2,Sales Executive,4,Married,6652,4565,3,Y,No,17,3,4,80,0,10,6,3,6,4,0,4,₹4K–₹7K,6–10 years,36–45
34,No,Travel_Rarely,1380,Sales,8,3,Life Sciences,1,1252,2,Female,35,2,3,Sales Executive,4,Married,8794,14450,5,Y,No,22,4,2,80,2,9,2,4,9,9,4,6,₹7K–₹12K,6–10 years,26–35
48,No,Travel_Rarely,1136,Sales,15,4,Marketing,1,1253,4,Female,66,3,2,Sales Representative,2,Single,6914,26480,3,Y,No,14,4,2,80,0,16,2,4,14,7,4,5,₹4K–₹7K,10+ years,46–60
30,No,Travel_Rarely,986,Sales,12,5,Life Sciences,1,1254,2,Male,54,3,2,Manager,2,Married,6554,24185,1,Y,Yes,16,3,1,80,1,5,5,1,1,1,0,1,₹4K–₹7K,<2 years,26–35
47,No,Travel_Rarely,914,Research & Development,5,3,Medical,1,1255,3,Male,71,2,5,Manufacturing Director,1,Single,12338,7005,1,Y,No,22,3,1,80,1,19,5,1,15,9,9,7,₹12K+,10+ years,46–60
36,Yes,Travel_Rarely,374,Research & Development,18,4,Marketing,1,1256,3,Male,36,1,1,Laboratory Technician,2,Single,5697,25423,2,Y,Yes,13,3,1,80,2,13,2,2,8,3,4,3,₹4K–₹7K,6–10 years,36–45
42,Yes,Travel_Frequently,702,Research & Development,29,5,Life Sciences,1,1257,3,Female,78,1,4,Manager,1,Single,11046,7667,1,Y,No,22,3,1,80,3,13,1,3,0,0,0,0,₹7K–₹12K,<2 years,36–45
48,No,Travel_Rarely,181,Research & Development,14,4,Life Sciences,1,1258,2,Female,53,4,5,Research Director,3,Married,11511,19112,5,Y,No,13,3,2,80,3,13,1,1,7,5,2,4,₹7K–₹12K,6–10 years,46–60
38,No,Travel_Rarely,764,Sales,6,2,Technical Degree,1,1259,4,Male,77,3,5,Sales Representative,3,Single,10976,3233,2,Y,No,20,3,4,80,0,15,4,4,12,4,5,2,₹7K–₹12K,10+ years,36–45
33,No,Travel_Rarely,1043,Research & Development,20,1,Marketing,1,1260,4,Female,31,2,2,Manager,2,Married,4632,19729,1,Y,No,17,4,4,80,3,5,5,1,0,0,0,0,₹4K–₹7K,<2 years,26–35
41,No,Travel_Rarely,1393,Research & Development,18,1,Other,1,1261,3,Male,43,3,3,Manager,2,Divorced,9318,11954,4,Y,No,22,3,1,80,2,18,1,1,5,3,2,0,₹7K–₹12K,4–5 years,36–45
48,Yes,Travel_Rarely,1178,Research & Development,17,3,Marketing,1,1262,4,Male,78,3,4,Healthcare Representative,1,Single,11617,15540,2,Y,No,25,3,3,80,2,7,0,4,7,5,5,5,₹7K–₹12K,6–10 years,46–60
50,Yes,Travel_Frequently,1397,Sales,4,2,Life Sciences,1,1263,3,Male,56,4,1,Sales Executive,4,Divorced,4382,14068,1,Y,Yes,23,3,4,80,3,22,4,1,16,9,3,7,₹4K–₹7K,10+ years,46–60
30,No,Travel_Rarely,1332,Research & Development,24,4,Medical,1,1264,1,Female,67,2,5,Research Director,4,Single,11159,20056,3,Y,No,23,3,4,80,0,3,1,4,3,2,3,0,₹7K–₹12K,2–3 years,26–35
31,No,Travel_Rarely,656,Research & Development,24,2,Human Resources,1,1265,1,Female,34,1,5,Manufacturing Director,3,Divorced,9920,6841,2,Y,Yes,15,3,2,80,2,6,4,3,4,3,2,3,₹7K–₹12K,4–5 years,26–35
33,No,Non-Travel,1313,Research & Development,2,2,Life Sciences,1,1266,2,Male,49,1,3,Laboratory Technician,2,Single,9345,13557,2,Y,No,20,3,1,80,1,9,3,1,2,1,2,0,₹7K–₹12K,2–3 years,26–35
41,No,Travel_Rarely,571,Research & Development,11,5,Other,1,1267,2,Male,77,1,4,Research Director,2,Married,10721,4162,1,Y,No,22,3,4,80,3,13,5,2,8,1,4,0,₹7K–₹12K,6–10 years,36–45
44,Yes,Travel_Rarely,1021,Sales,17,2,Medical,1,1268,2,Female,99,2,1,Sales Executive,3,Married,5027,24600,4,Y,Yes,13,3,4,80,3,14,4,2,12,4,3,4,₹4K–₹7K,10+ years,36–45
33,Yes,Travel_Rarely,144,Research & Development,4,4,Marketing,1,1269,1,Female,79,2,2,Laboratory Technician,1,Single,6242,18721,2,Y,Yes,19,3,4,80,3,6,5,2,0,0,0,0,₹4K–₹7K,<2 years,26–35
37,No,Non-Travel,119,Research & Development,5,5,Medical,1,1270,2,Female,70,3,2,Healthcare Representative,4,Single,6141,3992,4,Y,No,25,3,2,80,2,6,6,2,3,1,1,1,₹4K–₹7K,2–3 years,36–45
43,No,Non-Travel,571,Research & Development,18,5,Technical Degree,1,1271,4,Female,93,4,4,Healthcare Representative,3,Single,9364,21926,6,Y,No,20,3,2,80,1,9,4,1,9,4,4,4,₹7K–₹12K,6–10 years,36–45
33,No,Travel_Rarely,629,Sales,10,2,Medical,1,1272,4,Male,55,4,5,Manager,1,Divorced,11454,22423,3,Y,No,19,3,4,80,0,7,2,3,7,6,5,1,₹7K–₹12K,6–10 years,26–35
51,No,Travel_Rarely,863,Research & Development,20,1,Medical,1,1273,1,Female,98,3,2,Laboratory Technician,3,Married,7262,10162,2,Y,No,12,3,3,80,1,17,3,4,11,8,3,6,₹7K–₹12K,10+ years,46–60
30,No,Travel_Rarely,272,Sales,15,3,Medical,1,1274,4,Male,76,3,1,Sales Executive,2,Single,4032,22220,3,Y,No,20,4,1,80,2,9,1,4,2,0,1,0,₹4K–₹7K,2–3 years,26–35
41,No,Travel_Rarely,777,Research & Development,8,5,Technical Degree,1,1275,4,Male,89,1,2,Laboratory Technician,4,Married,6199,24046,5,Y,No,24,3,4,80,3,16,0,3,14,5,2,4,₹4K–₹7K,10+ years,36–45
52,Yes,Travel_Frequently,126,Sales,10,2,Medical,1,1276,1,Male,98,3,4,Sales Executive,1,Single,9057,5837,2,Y,Yes,25,4,1,80,0,25,1,4,16,11,3,8,₹7K–₹12K,10+ years,46–60
29,No,Travel_Rarely,691,Research & Development,8,1,Life Sciences,1,1277,1,Male,74,1,1,Research Director,1,Married,4200,18716,4,Y,No,13,4,1,80,2,5,2,2,4,4,3,2,₹4K–₹7K,4–5 years,26–35
37,Yes,Travel_Rarely,1218,Sales,11,2,Life Sciences,1,1278,4,Female,63,2,3,Sales Representative,1,Single,9763,17958,3,Y,Yes,13,3,1,80,3,6,3,1,0,0,0,0,₹7K–₹12K,<2 years,36–45
35,No,Travel_Rarely,1165,Sales,12,5,Medical,1,1279,4,Male,77,3,3,Sales Representative,3,Married,6901,5381,3,Y,No,20,3,4,80,1,14,2,4,9,9,2,5,₹4K–₹7K,6–10 years,26–35
51,Yes,Travel_Rarely,1038,Research & Development,15,2,Life Sciences,1,1280,3,Male,84,1,3,Manufacturing Director,2,Single,9890,23744,3,Y,No,24,4,2,80,3,22,4,2,20,10,1,8,₹7K–₹12K,10+ years,46–60
35,Yes,Travel_Frequently,885,Sales,15,1,Life Sciences,1,1281,3,Male,70,3,2,Sales Representative,1,Married,6769,16600,1,Y,Yes,13,3,1,80,1,10,1,2,7,0,3,0,₹4K–₹7K,6–10 years,26–35
41,No,Travel_Rarely,896,Research & Development,12,4,Life Sciences,1,1282,2,Male,65,2,2,Laboratory Technician,3,Married,6472,19922,1,Y,Yes,15,3,3,80,1,15,4,3,9,5,1,2,₹4K–₹7K,6–10 years,36–45
45,No,Travel_Frequently,823,Research & Development,12,1,Technical Degree,1,1283,1,Female,96,2,1,Research Director,2,Married,4742,19135,2,Y,Yes,12,3,3,80,1,12,3,4,9,3,0,3,₹4K–₹7K,6–10 years,36–45
47,No,Travel_Rarely,1376,Research & Development,20,3,Life Sciences,1,1284,3,Male,43,3,3,Research Director,2,Divorced,8931,16730,4,Y,Yes,14,3,4,80,3,14,4,3,10,2,3,0,₹7K–₹12K,6–10 years,46–60
40,No,Travel_Rarely,1055,Research & Development,6,3,Marketing,1,1285,3,Male,66,3,1,Manager,2,Divorced,4079,21380,3,Y,Yes,14,3,1,80,3,14,4,1,11,6,2,4,₹4K–₹7K,10+ years,36–45
46,Yes,Travel_Frequently,642,Research & Development,15,4,Medical,1,1286,2,Male,73,1,1,Manufacturing Director,1,Married,5449,14662,4,Y,Yes,15,3,4,80,3,7,2,4,7,7,0,5,₹4K–₹7K,6–10 years,46–60
30,No,Travel_Frequently,148,Research & Development,6,4,Medical,1,1287,1,Male,58,3,4,Manufacturing Director,4,Single,10173,4689,1,Y,Yes,20,3,4,80,2,6,1,3,4,0,2,0,₹7K–₹12K,4–5 years,26–35
29,No,Travel_Rarely,1026,Research & Development,16,2,Life Sciences,1,1288,1,Male,68,3,3,Healthcare Representative,1,Single,8987,4726,2,Y,No,11,3,1,80,2,8,1,4,6,6,0,6,₹7K–₹12K,6–10 years,26–35
34,No,Non-Travel,1023,Research & Development,4,5,Marketing,1,1289,2,Male,37,3,1,Healthcare Representative,2,Married,5301,11219,2,Y,Yes,23,3,4,80,3,12,3,3,5,3,5,0,₹4K–₹7K,4–5 years,26–35
34,No,Travel_Frequently,732,Sales,9,3,Life Sciences,1,1290,3,Male,45,2,3,Sales Representative,2,Married,9297,13389,4,Y,Yes,24,3,4,80,3,12,6,2,12,7,5,7,₹7K–₹12K,10+ years,26–35
41,Yes,Travel_Rarely,1428,Sales,20,1,Life Sciences,1,1291,1,Female,62,3,3,Sales Executive,2,Single,9504,19700,1,Y,No,16,3,1,80,1,16,1,3,1,1,1,1,₹7K–₹12K,<2 years,36–45
43,No,Non-Travel,1211,Sales,22,2,Medical,1,1292,4,Male,49,2,5,Manager,2,Married,13085,6157,0,Y,No,20,3,4,80,2,17,2,1,13,4,9,2,₹12K+,10+ years,36–45
31,No,Travel_Rarely,286,Human Resources,29,2,Life Sciences,1,1293,2,Female,92,2,5,Manager,3,Single,13208,12079,3,Y,No,18,3,3,80,2,7,5,2,7,4,0,4,₹12K+,6–10 years,26–35
22,Yes,Non-Travel,271,Sales,13,3,Life Sciences,1,1294,3,Female,52,1,3,Sales Representative,4,Married,8086,25859,4,Y,No,20,3,4,80,1,2,6,2,2,0,2,0,₹7K–₹12K,2–3 years,18–25
27,No,Travel_Rarely,725,Human Resources,8,2,Marketing,1,1295,1,Female,48,2,3,Manager,2,Married,7797,18570,6,Y,No,11,3,3,80,3,7,2,3,6,5,0,3,₹7K–₹12K,6–10 years,26–35
31,Yes,Travel_Frequently,876,Sales,13,1,Human Resources,1,1296,2,Male,82,4,2,Sales Representative,1,Single,6072,23771,1,Y,No,15,3,3,80,2,4,4,3,0,0,0,0,₹4K–₹7K,<2 years,26–35
26,No,Travel_Rarely,803,Sales,3,1,Medical,1,1297,2,Male,30,3,2,Sales Representative,2,Divorced,5076,22162,4,Y,No,25,3,2,80,3,8,5,4,7,4,6,1,₹4K–₹7K,6–10 years,26–35
50,No,Travel_Rarely,1294,Sales,17,4,Life Sciences,1,1298,2,Female,70,2,3,Sales Executive,1,Married,9133,23722,2,Y,No,24,3,2,80,3,26,6,4,22,11,10,7,₹7K–₹12K,10+ years,46–60
37,No,Travel_Frequently,348,Human Resources,28,2,Life Sciences,1,1299,2,Male,50,1,5,Manager,4,Single,12003,11098,0,Y,No,21,3,2,80,2,7,4,1,4,4,1,2,₹12K+,4–5 years,36–45
35,No,Travel_Rarely,668,Research & Development,4,4,Life Sciences,1,1300,3,Male,49,4,5,Research Scientist,2,Single,9950,25163,5,Y,No,20,3,4,80,1,6,0,4,6,5,0,1,₹7K–₹12K,6–10 years,26–35
32,No,Travel_Rarely,239,Sales,9,5,Life Sciences,1,1301,1,Male,44,3,3,Manager,3,Single,8636,15089,1,Y,No,12,3,3,80,3,4,5,1,0,0,0,0,₹7K–₹12K,<2 years,26–35
46,No,Non-Travel,604,Sales,5,4,Life Sciences,1,1302,2,Female,51,1,3,Sales Representative,1,Married,7460,25501,3,Y,Yes,24,4,2,80,0,19,2,1,15,6,0,4,₹7K–₹12K,10+ years,46–60
35,No,Non-Travel,131,Research & Development,6,1,Life Sciences,1,1303,2,Male,32,1,4,Healthcare Representative,2,Married,10311,18059,0,Y,Yes,19,3,1,80,3,11,4,4,11,2,2,2,₹7K–₹12K,10+ years,26–35
35,No,Travel_Frequently,616,Research & Development,4,5,Life Sciences,1,1304,2,Male,84,3,4,Research Director,4,Single,10429,18990,2,Y,Yes,21,3,4,80,0,8,6,4,0,0,0,0,₹7K–₹12K,<2 years,26–35
24,No,Travel_Rarely,1302,Sales,13,4,Life Sciences,1,1305,4,Male,41,2,4,Sales Executive,4,Single,8544,3470,3,Y,No,12,3,2,80,1,1,1,1,1,0,1,0,₹7K–₹12K,<2 years,18–25
31,No,Travel_Rarely,177,Research & Development,29,1,Technical Degree,1,1306,3,Female,63,3,5,Research Director,2,Married,11171,19241,2,Y,Yes,21,3,4,80,0,5,6,4,3,0,0,0,₹7K–₹12K,2–3 years,26–35
50,No,Travel_Frequently,394,Research & Development,13,2,Other,1,1307,1,Female,31,3,5,Research Director,2,Single,13010,7629,1,Y,No,17,4,4,80,2,24,5,3,17,10,8,10,₹12K+,10+ years,46–60
38,No,Travel_Rarely,667,Sales,2,4,Medical,1,1308,2,Male,74,1,4,Manager,2,Married,10244,5114,0,Y,Yes,21,4,4,80,1,3,2,2,3,3,2,3,₹7K–₹12K,2–3 years,36–45
43,No,Travel_Rarely,1413,Research & Development,29,3,Life Sciences,1,1309,1,Male,85,4,4,Manufacturing Director,4,Married,10376,20445,2,Y,No,20,3,4,80,3,11,2,2,5,3,0,2,₹7K–₹12K,4–5 years,36–45
44,No,Travel_Rarely,281,Research & Development,6,3,Marketing,1,1310,2,Male,74,2,4,Manufacturing Director,3,Married,10622,9536,2,Y,No,17,3,3,80,3,12,6,3,12,10,5,7,₹7K–₹12K,10+ years,36–45
35,No,Non-Travel,453,Sales,11,1,Technical Degree,1,1311,3,Male,76,4,4,Sales Executive,1,Married,9006,3063,1,Y,No,22,3,2,80,2,9,4,4,8,2,0,2,₹7K–₹12K,6–10 years,26–35
38,No,Travel_Rarely,445,Research & Development,24,4,Life Sciences,1,1312,2,Male,91,1,1,Healthcare Representative,2,Single,6016,8434,3,Y,No,12,3,3,80,0,18,1,4,7,4,6,4,₹4K–₹7K,6–10 years,36–45
21,No,Travel_Rarely,1259,Sales,9,2,Medical,1,1313,1,Female,59,4,2,Sales Representative,1,Divorced,4712,5099,1,Y,No,24,3,4,80,2,0,0,2,0,0,0,0,₹4K–₹7K,<2 years,18–25
28,No,Travel_Rarely,709,Research & Development,7,1,Life Sciences,1,1314,3,Male,96,4,3,Healthcare Representative,2,Single,9386,12950,2,Y,Yes,18,4,1,80,1,4,4,3,0,0,0,0,₹7K–₹12K,<2 years,26–35
36,No,Travel_Rarely,968,Research & Development,19,5,Life Sciences,1,1315,4,Female,65,2,2,Laboratory Technician,3,Single,6531,14447,1,Y,No,25,3,2,80,3,13,6,1,4,0,0,0,₹4K–₹7K,4–5 years,36–45
34,No,Travel_Rarely,919,Research & Development,4,1,Medical,1,1316,4,Female,92,2,2,Laboratory Technician,3,Single,5214,25040,3,Y,No,24,3,1,80,2,4,5,2,0,0,0,0,₹4K–₹7K,<2 years,26–35
48,Yes,Travel_Rarely,405,Research & Development,20,1,Life Sciences,1,1317,1,Male,57,4,3,Research Scientist,1,Divorced,6538,6392,4,Y,Yes,13,3,1,80,2,23,1,1,12,8,3,2,₹4K–₹7K,10+ years,46–60
40,No,Travel_Rarely,1486,Research & Development,9,5,Life Sciences,1,1318,2,Female,69,1,4,Manufacturing Director,3,Married,10351,11683,4,Y,No,19,3,2,80,3,8,6,4,5,4,1,2,₹7K–₹12K,4–5 years,36–45
35,No,Travel_Rarely,970,Research & Development,20,5,Medical,1,1319,2,Male,70,2,4,Manager,4,Married,9311,16060,2,Y,No,22,3,1,80,3,10,1,3,0,0,0,0,₹7K–₹12K,<2 years,26–35
39,No,Travel_Frequently,994,Research & Development,10,1,Marketing,1,1320,3,Male,48,3,3,Laboratory Technician,3,Married,7478,22270,0,Y,Yes,21,3,2,80,3,4,5,2,2,2,2,2,₹7K–₹12K,2–3 years,36–45
26,No,Travel_Rarely,616,Research & Development,25,2,Medical,1,1321,1,Male,92,4,4,Research Director,4,Single,9520,10440,5,Y,No,19,3,1,80,1,5,0,3,0,0,0,0,₹7K–₹12K,<2 years,26–35
37,No,Travel_Rarely,206,Sales,29,3,Other,1,1322,4,Female,73,4,2,Sales Representative,3,Married,6658,20875,3,Y,Yes,24,3,4,80,3,11,3,2,4,0,3,0,₹4K–₹7K,4–5 years,36–45
40,Yes,Travel_Rarely,886,Research & Development,12,5,Medical,1,1323,3,Female,52,1,3,Research Scientist,3,Divorced,8092,11581,2,Y,No,16,4,3,80,1,9,4,4,2,0,2,0,₹7K–₹12K,2–3 years,36–45
27,No,Travel_Frequently,863,Sales,11,4,Life Sciences,1,1324,3,Male,98,4,3,Sales Representative,2,Married,8503,19462,2,Y,No,13,3,3,80,0,8,0,1,8,5,1,1,₹7K–₹12K,6–10 years,26–35
37,No,Travel_Rarely,1262,Research & Development,4,5,Life Sciences,1,1325,4,Male,39,1,5,Manager,1,Married,11789,7991,1,Y,No,25,3,1,80,0,11,0,4,10,7,3,2,₹7K–₹12K,6–10 years,36–45
46,No,Travel_Rarely,1262,Research & Development,9,1,Technical Degree,1,1326,4,Male,49,2,4,Research Director,2,Single,12143,12058,2,Y,No,12,3,2,80,1,15,0,4,9,3,2,3,₹12K+,6–10 years,46–60
54,Yes,Travel_Rarely,1029,Sales,8,5,Medical,1,1327,3,Male,97,4,4,Sales Executive,4,Married,11744,8026,2,Y,No,13,3,3,80,1,18,4,1,13,9,6,8,₹7K–₹12K,10+ years,46–60
18,No,Travel_Frequently,552,Research & Development,18,2,Medical,1,1328,3,Female,53,3,5,Manager,4,Married,9171,4694,5,Y,No,20,4,4,80,0,0,6,3,0,0,0,0,₹7K–₹12K,<2 years,18–25
21,No,Travel_Frequently,370,Research & Development,13,1,Medical,1,1329,3,Female,99,2,3,Healthcare Representative,4,Single,5954,9716,2,Y,No,14,3,4,80,1,1,3,1,0,0,0,0,₹4K–₹7K,<2 years,18–25
28,No,Travel_Rarely,974,Research & Development,6,4,Marketing,1,1330,2,Male,60,4,4,Manager,4,Married,7466,15181,3,Y,No,17,3,4,80,0,6,3,1,6,3,2,2,₹7K–₹12K,6–10 years,26–35
30,No,Travel_Frequently,245,Sales,8,3,Medical,1,1331,2,Male,64,4,3,Manager,4,Married,7910,8792,1,Y,No,15,3,4,80,0,12,6,4,5,1,0,0,₹7K–₹12K,4–5 years,26–35
39,No,Travel_Frequently,260,Research & Development,7,4,Life Sciences,1,1332,3,Female,94,2,4,Research Scientist,2,Single,10536,10330,0,Y,Yes,13,3,3,80,3,20,4,4,20,13,5,10,₹7K–₹12K,10+ years,36–45
53,Yes,Travel_Frequently,1081,Research & Development,19,2,Medical,1,1333,3,Female,48,1,2,Healthcare Representative,4,Single,6763,9490,2,Y,No,15,4,2,80,2,12,3,2,0,0,0,0,₹4K–₹7K,<2 years,46–60
27,Yes,Travel_Frequently,1104,Sales,12,3,Marketing,1,1334,3,Male,96,3,5,Sales Representative,2,Single,10421,20049,2,Y,No,15,3,1,80,0,0,0,3,0,0,0,0,₹7K–₹12K,<2 years,26–35
24,No,Travel_Rarely,212,Research & Development,12,3,Medical,1,1335,3,Female,93,2,4,Manufacturing Director,2,Divorced,9900,8023,3,Y,No,12,3,2,80,0,2,5,2,0,0,0,0,₹7K–₹12K,<2 years,18–25
30,No,Non-Travel,147,Sales,3,5,Medical,1,1336,2,Male,90,1,3,Sales Representative,3,Single,7465,18691,0,Y,No,17,3,1,80,3,2,5,2,2,0,2,0,₹7K–₹12K,2–3 years,26–35
18,No,Travel_Rarely,1403,Research & Development,5,2,Marketing,1,1337,1,Male,66,3,4,Manufacturing Director,4,Married,8904,7012,2,Y,Yes,15,3,4,80,0,2,2,4,0,0,0,0,₹7K–₹12K,<2 years,18–25
39,No,Travel_Frequently,1270,Research & Development,4,5,Technical Degree,1,1338,3,Male,38,2,4,Manager,4,Married,10663,11320,3,Y,Yes,22,3,1,80,2,9,5,1,6,0,2,0,₹7K–₹12K,6–10 years,36–45
42,No,Travel_Frequently,860,Research & Development,7,2,Medical,1,1339,2,Female,32,4,5,Manufacturing Director,4,Single,12425,7233,1,Y,No,11,3,2,80,3,8,1,1,3,3,0,3,₹12K+,2–3 years,36–45
18,Yes,Travel_Rarely,1222,Research & Development,11,3,Life Sciences,1,1340,1,Male,51,2,5,Healthcare Representative,4,Married,9532,4331,1,Y,No,24,4,2,80,2,0,2,2,0,0,0,0,₹7K–₹12K,<2 years,18–25
49,No,Travel_Rarely,712,Research & Development,3,3,Medical,1,1341,2,Female,51,1,3,Laboratory Technician,2,Single,9881,5881,4,Y,No,15,3,3,80,1,19,1,4,13,6,3,5,₹7K–₹12K,10+ years,46–60
38,No,Travel_Rarely,1115,Research & Development,22,4,Life Sciences,1,1342,3,Female,93,4,1,Laboratory Technician,3,Married,3897,15807,0,Y,No,23,4,1,80,2,12,1,2,7,3,4,0,<₹4K,6–10 years,36–45
40,No,Travel_Rarely,1214,Sales,10,3,Technical Degree,1,1343,4,Female,52,3,4,Sales Representative,2,Single,9701,15584,5,Y,Yes,22,3,1,80,1,6,2,4,4,1,3,1,₹7K–₹12K,4–5 years,36–45
45,No,Travel_Rarely,1296,Research & Development,5,1,Medical,1,1344,4,Male,81,3,2,Research Scientist,1,Single,8014,10342,2,Y,No,18,4,3,80,3,18,0,4,15,9,5,5,₹7K–₹12K,10+ years,36–45
23,Yes,Travel_Rarely,906,Research & Development,17,3,Life Sciences,1,1345,4,Male,50,3,5,Manufacturing Director,4,Single,10835,14331,3,Y,No,17,3,1,80,2,0,4,4,0,0,0,0,₹7K–₹12K,<2 years,18–25
37,Yes,Travel_Rarely,1167,Research & Development,10,4,Life Sciences,1,1346,4,Male,58,2,4,Research Scientist,1,Married,9850,25198,2,Y,No,14,3,2,80,1,7,5,3,0,0,0,0,₹7K–₹12K,<2 years,36–45
30,Yes,Travel_Rarely,1163,Research & Development,15,3,Other,1,1347,3,Male,97,2,4,Manufacturing Director,4,Single,10083,21409,1,Y,Yes,20,4,1,80,0,12,0,4,4,4,3,4,₹7K–₹12K,4–5 years,26–35
47,No,Travel_Rarely,398,Research & Development,15,4,Medical,1,1348,1,Male,79,3,5,Research Scientist,3,Single,13334,8445,1,Y,No,23,3,2,80,0,15,0,1,8,6,2,0,₹12K+,6–10 years,46–60
43,No,Travel_Frequently,122,Human Resources,13,2,Life Sciences,1,1349,1,Female,95,1,3,Manager,3,Married,8140,13046,1,Y,No,14,4,2,80,1,7,5,3,0,0,0,0,₹7K–₹12K,<2 years,36–45
37,No,Travel_Rarely,132,Research & Development,5,4,Life Sciences,1,1350,2,Female,49,4,4,Manager,4,Divorced,9510,21611,2,Y,No,12,3,3,80,1,7,0,1,3,2,0,2,₹7K–₹12K,2–3 years,36–45
33,No,Travel_Rarely,1175,Research & Development,12,5,Life Sciences,1,1351,3,Male,86,3,3,Healthcare Representative,4,Single,7429,2669,4,Y,No,15,3,1,80,3,9,5,4,0,0,0,0,₹7K–₹12K,<2 years,26–35
27,Yes,Travel_Rarely,350,Research & Development,20,2,Marketing,1,1352,3,Male,63,1,2,Research Scientist,2,Single,4135,23331,1,Y,No,25,3,4,80,3,0,5,4,0,0,0,0,₹4K–₹7K,<2 years,26–35
50,No,Travel_Rarely,1136,Research & Development,6,4,Life Sciences,1,1353,2,Male,45,2,3,Manufacturing Director,3,Single,9855,8367,4,Y,Yes,20,3,2,80,3,16,3,2,11,9,1,5,₹7K–₹12K,10+ years,46–60
30,No,Travel_Rarely,1413,Sales,8,2,Other,1,1354,1,Female,49,4,3,Sales Executive,3,Married,8261,17828,5,Y,No,24,3,2,80,3,7,2,1,7,2,2,1,₹7K–₹12K,6–10 years,26–35
25,No,Non-Travel,350,Research & Development,5,5,Life Sciences,1,1355,3,Female,35,2,4,Healthcare Representative,4,Single,8454,26069,0,Y,No,25,3,2,80,0,4,2,4,3,3,2,1,₹7K–₹12K,2–3 years,18–25
26,No,Travel_Frequently,470,Research & Development,4,4,Life Sciences,1,1356,1,Male,32,3,4,Research Director,1,Married,10072,12644,0,Y,No,24,3,2,80,2,0,3,2,0,0,0,0,₹7K–₹12K,<2 years,26–35
29,No,Travel_Rarely,919,Research & Development,7,3,Technical Degree,1,1357,1,Female,30,2,5,Manager,2,Divorced,11991,14950,2,Y,No,18,3,2,80,3,5,0,4,3,1,0,1,₹7K–₹12K,2–3 years,26–35
34,Yes,Travel_Frequently,646,Sales,24,2,Life Sciences,1,1358,3,Female,84,3,4,Sales Executive,2,Single,9666,13209,3,Y,Yes,21,3,3,80,2,7,2,1,0,0,0,0,₹7K–₹12K,<2 years,26–35
25,No,Travel_Frequently,1199,Sales,10,1,Life Sciences,1,1359,3,Male,89,4,2,Sales Representative,3,Divorced,5556,15118,2,Y,Yes,23,3,4,80,3,5,3,3,5,2,0,0,₹4K–₹7K,4–5 years,18–25
34,No,Travel_Rarely,1005,Sales,11,4,Medical,1,1360,2,Male,91,2,5,Sales Representative,4,Single,10862,7050,6,Y,Yes,19,3,1,80,3,6,6,3,0,0,0,0,₹7K–₹12K,<2 years,26–35
18,Yes,Travel_Frequently,147,Research & Development,15,5,Life Sciences,1,1361,2,Female,92,4,1,Research Scientist,2,Married,2618,24278,4,Y,Yes,22,4,4,80,2,0,3,3,0,0,0,0,<₹4K,<2 years,18–25
37,No,Travel_Rarely,430,Sales,21,1,Medical,1,1362,1,Female,65,4,3,Sales Representative,3,Married,8202,13751,2,Y,No,14,3,1,80,0,8,0,3,8,6,3,6,₹7K–₹12K,6–10 years,36–45
33,No,Travel_Rarely,838,Sales,15,4,Technical Degree,1,1363,2,Female,62,1,2,Sales Representative,3,Married,5926,20841,0,Y,No,21,3,3,80,2,12,0,1,10,8,1,8,₹4K–₹7K,6–10 years,26–35
35,No,Travel_Rarely,1063,Research & Development,13,2,Medical,1,1364,4,Male,77,3,2,Manager,3,Single,5550,20235,2,Y,No,16,3,2,80,3,11,1,4,11,3,5,3,₹4K–₹7K,10+ years,26–35
19,No,Travel_Rarely,1241,Research & Development,6,4,Life Sciences,1,1365,3,Male,60,3,1,Research Scientist,2,Married,2747,10196,0,Y,Yes,18,3,3,80,0,2,4,2,2,0,2,0,<₹4K,2–3 years,18–25
43,Yes,Travel_Rarely,129,Sales,7,1,Technical Degree,1,1366,1,Female,55,1,2,Sales Executive,4,Single,6525,12032,3,Y,No,19,3,1,80,1,14,1,2,8,1,2,0,₹4K–₹7K,6–10 years,36–45
53,No,Travel_Frequently,618,Research & Development,12,3,Marketing,1,1367,1,Male,36,2,4,Manufacturing Director,1,Divorced,13047,16317,1,Y,Yes,14,4,4,80,2,18,0,4,13,11,6,7,₹12K+,10+ years,46–60
34,Yes,Non-Travel,511,Research & Development,10,1,Technical Degree,1,1368,4,Male,87,4,3,Healthcare Representative,4,Married,8494,19724,3,Y,Yes,15,3,1,80,3,13,0,3,4,2,1,2,₹7K–₹12K,4–5 years,26–35
42,No,Travel_Rarely,1310,Research & Development,12,2,Medical,1,1369,4,Male,70,3,3,Healthcare Representative,4,Divorced,8117,6312,2,Y,No,16,3,2,80,2,17,6,3,1,0,1,0,₹7K–₹12K,<2 years,36–45
29,Yes,Travel_Rarely,1439,Research & Development,7,3,Technical Degree,1,1370,3,Male,74,4,3,Healthcare Representative,3,Divorced,7823,2734,1,Y,No,13,3,1,80,0,5,2,4,2,0,2,0,₹7K–₹12K,2–3 years,26–35
45,No,Travel_Rarely,600,Research & Development,14,4,Marketing,1,1371,4,Male,37,4,2,Healthcare Representative,2,Married,6723,18021,0,Y,No,21,3,4,80,3,11,6,4,0,0,0,0,₹4K–₹7K,<2 years,36–45
42,No,Travel_Rarely,1135,Research & Development,13,5,Medical,1,1372,3,Male,70,2,5,Research Director,4,Single,11704,26746,2,Y,Yes,23,4,4,80,0,19,3,1,15,6,5,0,₹7K–₹12K,10+ years,36–45
33,No,Travel_Rarely,474,Research & Development,8,5,Life Sciences,1,1373,1,Female,33,2,1,Laboratory Technician,2,Divorced,5207,11614,2,Y,No,18,3,1,80,0,12,1,2,3,0,2,0,₹4K–₹7K,2–3 years,26–35
47,No,Travel_Rarely,1186,Research & Development,6,5,Life Sciences,1,1374,3,Female,47,4,3,Manufacturing Director,4,Divorced,9717,7293,2,Y,Yes,14,3,1,80,1,13,3,1,1,0,0,0,₹7K–₹12K,<2 years,46–60
60,No,Travel_Frequently,783,Sales,7,4,Life Sciences,1,1375,2,Male,55,2,1,Sales Executive,4,Single,5965,5543,3,Y,Yes,17,3,2,80,3,17,6,2,15,10,4,8,₹4K–₹7K,10+ years,46–60
36,Yes,Travel_Rarely,1044,Sales,3,5,Marketing,1,1376,3,Male,46,2,5,Sales Representative,4,Divorced,10745,2605,0,Y,Yes,23,3,4,80,1,10,0,3,9,5,4,5,₹7K–₹12K,6–10 years,36–45
32,No,Travel_Rarely,662,Research & Development,4,4,Medical,1,1377,3,Female,88,1,4,Manager,2,Single,8652,22913,2,Y,No,22,3,1,80,1,7,1,2,7,3,7,2,₹7K–₹12K,6–10 years,26–35
22,No,Travel_Frequently,1360,Research & Development,2,2,Life Sciences,1,1378,2,Male,75,3,3,Manufacturing Director,3,Divorced,6786,15332,2,Y,Yes,11,3,3,80,0,1,5,2,1,1,1,1,₹4K–₹7K,<2 years,18–25
44,No,Travel_Rarely,635,Research & Development,2,1,Medical,1,1379,1,Male,66,3,1,Research Scientist,4,Divorced,6179,4944,3,Y,No,21,3,1,80,2,8,5,1,2,2,0,0,₹4K–₹7K,2–3 years,36–45
32,No,Travel_Rarely,672,Research & Development,21,5,Medical,1,1380,2,Male,62,4,1,Healthcare Representative,4,Married,4007,14408,2,Y,No,23,3,2,80,3,9,6,1,3,2,0,0,₹4K–₹7K,2–3 years,26–35
42,No,Travel_Rarely,1494,Research & Development,8,2,Life Sciences,1,1381,4,Male,55,4,2,Healthcare Representative,1,Divorced,6448,21101,1,Y,Yes,15,4,3,80,3,9,1,4,9,5,4,3,₹4K–₹7K,6–10 years,36–45
42,No,Travel_Rarely,1115,Sales,6,5,Medical,1,1382,4,Male,44,1,3,Sales Executive,3,Married,7838,26959,1,Y,No,15,3,4,80,2,16,4,1,8,2,0,2,₹7K–₹12K,6–10 years,36–45
36,No,Travel_Rarely,1030,Research & Development,1,5,Medical,1,1383,1,Male,81,3,5,Research Director,4,Married,12493,5367,3,Y,No,20,3,4,80,0,9,1,1,9,2,2,0,₹12K+,6–10 years,36–45
40,No,Travel_Rarely,1235,Research & Development,6,2,Marketing,1,1384,4,Male,74,1,3,Manufacturing Director,4,Single,8214,2928,2,Y,No,21,3,3,80,2,12,3,1,4,0,4,0,₹7K–₹12K,4–5 years,36–45
53,No,Travel_Rarely,1093,Research & Development,7,5,Medical,1,1385,1,Male,48,4,4,Research Director,3,Married,11160,8579,5,Y,No,24,3,2,80,3,18,1,4,6,4,6,0,₹7K–₹12K,6–10 years,46–60
27,No,Travel_Rarely,914,Sales,18,1,Medical,1,1386,2,Female,61,2,2,Sales Representative,4,Single,6590,26792,2,Y,Yes,21,3,3,80,3,13,4,1,13,6,2,6,₹4K–₹7K,10+ years,26–35
40,No,Non-Travel,814,Research & Development,4,5,Marketing,1,1387,3,Female,89,2,4,Manufacturing Director,2,Married,10567,5118,4,Y,No,17,3,4,80,3,12,5,3,7,2,0,0,₹7K–₹12K,6–10 years,36–45
42,No,Travel_Rarely,968,Sales,12,5,Life Sciences,1,1388,1,Female,54,1,3,Manager,2,Married,10597,17450,3,Y,No,25,4,1,80,1,14,0,1,3,3,0,3,₹7K–₹12K,2–3 years,36–45
22,No,Travel_Rarely,991,Sales,7,5,Human Resources,1,1389,4,Female,57,4,4,Manager,4,Divorced,8857,14829,5,Y,No,16,3,3,80,3,4,1,3,2,0,0,0,₹7K–₹12K,2–3 years,18–25
38,No,Travel_Frequently,147,Sales,11,1,Medical,1,1390,4,Male,52,3,4,Manager,4,Married,11664,7347,1,Y,No,14,3,2,80,3,10,2,1,6,2,0,0,₹7K–₹12K,6–10 years,36–45
51,No,Travel_Rarely,740,Sales,22,5,Medical,1,1391,4,Female,37,2,2,Sales Executive,4,Single,7518,24378,4,Y,No,12,3,2,80,3,18,6,2,10,7,1,4,₹7K–₹12K,6–10 years,46–60
38,No,Travel_Rarely,304,Research & Development,15,1,Medical,1,1392,3,Male,48,3,5,Manager,3,Single,11041,16334,0,Y,No,18,4,4,80,3,16,2,3,16,6,7,4,₹7K–₹12K,10+ years,36–45
32,No,Travel_Rarely,1435,Research & Development,6,4,Life Sciences,1,1393,2,Male,63,1,4,Manager,2,Married,8748,22735,5,Y,No,12,3,3,80,3,12,0,3,12,4,2,3,₹7K–₹12K,10+ years,26–35
35,No,Travel_Frequently,1134,Sales,14,3,Life Sciences,1,1394,1,Male,85,2,3,Sales Executive,3,Divorced,7652,22239,2,Y,No,15,3,1,80,0,10,1,2,10,0,4,0,₹7K–₹12K,6–10 years,26–35
47,No,Travel_Rarely,486,Research & Development,7,2,Life Sciences,1,1395,1,Female,77,3,4,Laboratory Technician,2,Married,10392,2348,1,Y,No,12,3,1,80,3,15,1,4,13,5,6,4,₹7K–₹12K,10+ years,46–60
28,No,Travel_Rarely,106,Research & Development,6,4,Life Sciences,1,1396,3,Male,31,2,4,Research Director,4,Married,9401,26763,5,Y,No,20,3,4,80,0,12,4,1,12,3,2,3,₹7K–₹12K,10+ years,26–35
29,No,Travel_Rarely,206,Research & Development,19,2,Marketing,1,1397,2,Male,30,4,5,Laboratory Technician,2,Divorced,9738,20385,3,Y,No,18,3,3,80,2,4,6,1,4,2,0,0,₹7K–₹12K,4–5 years,26–35
24,No,Travel_Rarely,1228,Sales,4,2,Life Sciences,1,1398,4,Female,48,3,4,Sales Executive,4,Married,8687,14952,6,Y,No,11,4,3,80,0,0,3,2,0,0,0,0,₹7K–₹12K,<2 years,18–25
44,No,Travel_Rarely,653,Research & Development,17,4,Life Sciences,1,1399,2,Female,78,4,4,Healthcare Representative,2,Married,10760,8022,1,Y,No,17,3,2,80,0,19,1,4,15,10,2,5,₹7K–₹12K,10+ years,36–45
42,No,Travel_Rarely,939,Research & Development,29,1,Medical,1,1400,2,Female,99,3,3,Manufacturing Director,4,Single,7208,18351,0,Y,Yes,11,3,2,80,0,19,0,1,10,4,4,4,₹7K–₹12K,6–10 years,36–45
30,No,Travel_Rarely,797,Human Resources,9,3,Medical,1,1401,1,Female,97,2,3,Human Resources,1,Single,7776,18468,4,Y,Yes,23,4,3,80,0,11,2,3,7,0,2,0,₹7K–₹12K,6–10 years,26–35
30,No,Travel_Frequently,127,Sales,14,5,Technical Degree,1,1402,1,Female,80,2,2,Sales Representative,4,Married,5514,22269,1,Y,No,12,3,1,80,3,3,4,2,3,0,0,0,₹4K–₹7K,2–3 years,26–35
34,No,Travel_Rarely,641,Research & Development,7,2,Medical,1,1403,3,Female,65,1,3,Research Scientist,4,Divorced,6633,2192,2,Y,No,23,4,2,80,2,5,5,4,4,0,2,0,₹4K–₹7K,4–5 years,26–35
39,Yes,Travel_Rarely,179,Research & Development,4,4,Technical Degree,1,1404,2,Female,73,3,1,Laboratory Technician,1,Divorced,3545,24394,1,Y,Yes,18,3,4,80,3,8,0,4,5,5,1,2,<₹4K,4–5 years,36–45
28,Yes,Travel_Frequently,863,Research & Development,19,5,Medical,1,1405,1,Male,34,1,2,Laboratory Technician,3,Single,6013,25113,4,Y,No,12,3,1,80,1,10,6,4,3,0,3,0,₹4K–₹7K,2–3 years,26–35
34,No,Travel_Rarely,1148,Research & Development,29,4,Marketing,1,1406,2,Female,62,3,3,Laboratory Technician,1,Married,5895,23210,3,Y,Yes,15,3,1,80,1,10,4,1,8,6,4,6,₹4K–₹7K,6–10 years,26–35
44,No,Travel_Frequently,967,Sales,6,3,Marketing,1,1407,4,Male,75,1,5,Manager,3,Married,11583,26419,4,Y,Yes,24,3,4,80,0,12,6,3,12,7,2,5,₹7K–₹12K,10+ years,36–45
26,No,Non-Travel,355,Research & Development,3,2,Life Sciences,1,1408,3,Female,67,4,5,Manager,3,Single,9106,20891,1,Y,Yes,12,3,4,80,2,3,0,1,3,0,2,0,₹7K–₹12K,2–3 years,26–35
28,No,Travel_Frequently,658,Sales,5,3,Life Sciences,1,1409,2,Male,65,2,2,Sales Representative,4,Divorced,5100,5293,1,Y,Yes,18,3,3,80,2,3,2,2,3,1,0,0,₹4K–₹7K,2–3 years,26–35
39,No,Travel_Rarely,1275,Research & Development,3,2,Life Sciences,1,1410,2,Male,40,4,3,Manager,4,Married,7664,16356,3,Y,No,14,3,3,80,2,13,1,4,8,1,2,0,₹7K–₹12K,6–10 years,36–45
40,No,Travel_Rarely,1225,Research & Development,9,4,Medical,1,1411,1,Male,70,4,1,Laboratory Technician,2,Single,3632,13189,1,Y,No,22,3,3,80,1,12,6,3,8,7,3,7,<₹4K,6–10 years,36–45
46,No,Travel_Rarely,718,Research & Development,7,4,Marketing,1,1412,3,Male,59,4,2,Healthcare Representative,1,Single,8445,15664,2,Y,No,13,3,1,80,1,9,6,4,6,6,0,4,₹7K–₹12K,6–10 years,46–60
39,No,Travel_Frequently,258,Research & Development,22,2,Life Sciences,1,1413,3,Male,59,4,4,Research Director,2,Single,11067,10969,3,Y,No,15,3,1,80,3,6,5,3,0,0,0,0,₹7K–₹12K,<2 years,36–45
40,No,Travel_Rarely,339,Research & Development,23,5,Marketing,1,1414,4,Male,65,1,5,Manager,4,Married,10675,3191,4,Y,No,24,3,4,80,2,9,2,4,9,8,0,3,₹7K–₹12K,6–10 years,36–45
39,No,Travel_Rarely,639,Sales,3,5,Medical,1,1415,4,Male,76,2,4,Manager,4,Divorced,10446,23456,3,Y,Yes,22,3,1,80,2,15,0,1,6,0,1,0,₹7K–₹12K,6–10 years,36–45
38,No,Travel_Rarely,1381,Sales,9,5,Marketing,1,1416,1,Male,92,2,4,Manager,4,Divorced,11757,6855,5,Y,No,23,3,2,80,1,14,3,2,11,8,4,6,₹7K–₹12K,10+ years,36–45
25,Yes,Non-Travel,890,Research & Development,11,3,Marketing,1,1417,2,Male,33,2,5,Research Director,1,Divorced,10353,9718,4,Y,No,19,3,4,80,3,5,0,1,2,2,0,0,₹7K–₹12K,2–3 years,18–25
46,No,Travel_Rarely,1291,Research & Development,13,1,Medical,1,1418,1,Female,79,4,4,Research Director,3,Married,10715,14706,3,Y,No,18,3,2,80,0,14,1,3,13,9,3,5,₹7K–₹12K,10+ years,46–60
45,No,Travel_Rarely,845,Research & Development,23,3,Life Sciences,1,1419,3,Male,32,3,4,Research Scientist,3,Single,10108,6923,2,Y,No,11,3,4,80,1,22,2,2,16,5,3,5,₹7K–₹12K,10+ years,36–45
39,Yes,Travel_Rarely,781,Research & Development,5,4,Medical,1,1420,3,Male,91,2,4,Laboratory Technician,1,Married,8966,18522,4,Y,No,13,3,4,80,1,15,5,4,11,10,3,8,₹7K–₹12K,10+ years,36–45
54,Yes,Travel_Rarely,139,Research & Development,13,5,Life Sciences,1,1421,3,Female,51,3,5,Manufacturing Director,2,Divorced,11889,15030,2,Y,No,11,3,4,80,3,10,1,1,10,3,2,3,₹7K–₹12K,6–10 years,46–60
24,Yes,Travel_Rarely,979,Sales,11,3,Medical,1,1422,4,Female,55,4,5,Manager,3,Single,10113,7052,6,Y,No,11,3,1,80,3,0,3,1,0,0,0,0,₹7K–₹12K,<2 years,18–25
37,No,Travel_Rarely,556,Research & Development,12,3,Other,1,1423,1,Female,30,1,3,Manufacturing Director,4,Single,7208,21468,2,Y,Yes,18,3,2,80,1,8,0,2,8,4,0,0,₹7K–₹12K,6–10 years,36–45
20,No,Travel_Frequently,601,Research & Development,6,3,Medical,1,1424,2,Male,51,3,4,Healthcare Representative,3,Married,7927,21404,1,Y,Yes,19,3,2,80,1,0,1,4,0,0,0,0,₹7K–₹12K,<2 years,18–25
40,No,Travel_Frequently,1216,Research & Development,14,4,Medical,1,1425,2,Male,68,1,2,Research Director,2,Divorced,6474,8960,4,Y,No,13,3,2,80,0,16,5,3,0,0,0,0,₹4K–₹7K,<2 years,36–45
29,No,Travel_Rarely,151,Sales,10,3,Technical Degree,1,1426,3,Male,65,2,4,Manager,1,Single,8410,5963,1,Y,Yes,13,4,1,80,3,1,5,2,1,0,0,0,₹7K–₹12K,<2 years,26–35
29,No,Non-Travel,227,Sales,3,2,Medical,1,1427,1,Female,79,4,3,Sales Representative,4,Married,7233,17784,0,Y,Yes,18,3,1,80,0,0,6,4,0,0,0,0,₹7K–₹12K,<2 years,26–35
42,No,Travel_Rarely,986,Research & Development,12,1,Life Sciences,1,1428,4,Male,94,1,3,Healthcare Representative,3,Married,8517,8654,2,Y,No,19,3,4,80,1,13,5,1,10,6,4,6,₹7K–₹12K,6–10 years,36–45
46,No,Travel_Rarely,1421,Sales,6,5,Medical,1,1429,1,Male,46,2,3,Manager,1,Single,8945,7386,1,Y,No,17,3,2,80,3,16,4,2,13,8,3,6,₹7K–₹12K,10+ years,46–60
47,No,Travel_Frequently,119,Research & Development,19,3,Life Sciences,1,1430,1,Female,96,1,3,Research Director,4,Married,8685,25684,1,Y,No,12,4,1,80,3,9,3,3,9,5,4,2,₹7K–₹12K,6–10 years,46–60
35,No,Travel_Rarely,624,Research & Development,2,3,Technical Degree,1,1431,3,Female,55,1,3,Manager,3,Married,8529,25839,2,Y,No,11,4,1,80,0,5,1,4,3,3,1,2,₹7K–₹12K,2–3 years,26–35
53,Yes,Non-Travel,951,Research & Development,5,2,Marketing,1,1432,4,Male,75,1,3,Manager,2,Single,10077,9270,1,Y,No,25,3,4,80,0,26,2,2,13,6,1,4,₹7K–₹12K,10+ years,46–60
48,No,Travel_Rarely,264,Research & Development,8,3,Life Sciences,1,1433,4,Male,94,3,1,Healthcare Representative,3,Divorced,5607,17176,4,Y,Yes,15,3,4,80,1,19,4,4,12,3,6,3,₹4K–₹7K,10+ years,46–60
33,Yes,Travel_Rarely,1107,Human Resources,17,5,Other,1,1434,2,Male,53,2,5,Manager,1,Single,10373,18356,6,Y,No,13,3,3,80,0,18,5,1,13,8,1,4,₹7K–₹12K,10+ years,26–35
33,No,Travel_Rarely,1247,Research & Development,16,1,Life Sciences,1,1435,1,Female,71,4,3,Healthcare Representative,2,Divorced,6647,19185,2,Y,Yes,23,3,4,80,2,16,1,3,16,8,4,6,₹4K–₹7K,10+ years,26–35
58,Yes,Travel_Rarely,470,Research & Development,23,4,Life Sciences,1,1436,3,Male,47,4,3,Healthcare Representative,4,Married,9211,5653,0,Y,No,15,4,3,80,3,24,2,1,23,12,7,7,₹7K–₹12K,10+ years,46–60
33,No,Travel_Frequently,896,Research & Development,3,5,Medical,1,1437,4,Female,89,4,3,Research Director,3,Single,8100,26290,3,Y,Yes,14,3,4,80,3,14,3,1,8,3,4,2,₹7K–₹12K,6–10 years,26–35
35,No,Travel_Rarely,1234,Research & Development,2,1,Life Sciences,1,1438,3,Female,59,1,2,Laboratory Technician,1,Single,8202,12806,2,Y,No,17,3,1,80,3,8,3,4,0,0,0,0,₹7K–₹12K,<2 years,26–35
43,No,Non-Travel,659,Research & Development,10,4,Life Sciences,1,1439,4,Male,75,1,2,Healthcare Representative,1,Divorced,5421,18171,1,Y,No,24,3,3,80,2,18,1,3,11,7,3,6,₹4K–₹7K,10+ years,36–45
18,No,Travel_Frequently,251,Research & Development,5,4,Human Resources,1,1440,4,Male,46,4,5,Manager,3,Divorced,10012,24846,3,Y,No,14,3,2,80,2,0,2,1,0,0,0,0,₹7K–₹12K,<2 years,18–25
41,No,Travel_Rarely,442,Human Resources,7,3,Medical,1,1441,1,Female,65,1,2,Human Resources,4,Married,6424,6202,3,Y,No,24,3,1,80,2,18,2,1,13,5,5,5,₹4K–₹7K,10+ years,36–45
37,No,Travel_Rarely,347,Research & Development,5,1,Marketing,1,1442,4,Female,73,1,3,Laboratory Technician,3,Married,9470,7372,0,Y,No,19,3,2,80,1,9,0,2,5,1,2,0,₹7K–₹12K,4–5 years,36–45
23,No,Travel_Frequently,1339,Research & Development,6,4,Medical,1,1443,3,Female,91,1,3,Laboratory Technician,2,Married,6816,13401,3,Y,No,22,3,2,80,1,6,5,4,0,0,0,0,₹4K–₹7K,<2 years,18–25
41,No,Travel_Rarely,201,Research & Development,24,3,Life Sciences,1,1444,3,Male,71,3,3,Healthcare Representative,4,Single,7746,14455,2,Y,No,12,3,3,80,3,15,6,4,14,3,5,1,₹7K–₹12K,10+ years,36–45
30,No,Travel_Rarely,634,Sales,13,1,Medical,1,1445,3,Female,88,3,1,Sales Executive,2,Single,2710,26541,3,Y,No,12,3,3,80,1,10,6,4,4,2,3,2,<₹4K,4–5 years,26–35
39,No,Non-Travel,553,Sales,19,5,Life Sciences,1,1446,2,Male,67,1,2,Sales Representative,3,Single,5124,20832,4,Y,No,15,4,3,80,1,16,0,4,10,0,4,0,₹4K–₹7K,6–10 years,36–45
54,No,Travel_Frequently,1369,Research & Development,18,5,Marketing,1,1447,4,Male,97,2,2,Research Scientist,2,Single,8206,13482,1,Y,No,23,3,2,80,1,15,5,2,12,10,2,10,₹7K–₹12K,10+ years,46–60
18,No,Travel_Rarely,188,Research & Development,16,4,Marketing,1,1448,2,Male,38,4,5,Research Scientist,3,Married,10551,24479,1,Y,No,25,3,2,80,2,0,0,1,0,0,0,0,₹7K–₹12K,<2 years,18–25
31,No,Travel_Rarely,692,Research & Development,12,1,Marketing,1,1449,2,Male,71,3,5,Manufacturing Director,1,Married,9556,19855,0,Y,No,20,3,2,80,3,6,0,4,3,3,1,0,₹7K–₹12K,2–3 years,26–35
43,No,Travel_Rarely,358,Research & Development,10,3,Marketing,1,1450,3,Male,53,1,4,Healthcare Representative,2,Single,8527,19793,3,Y,No,23,3,1,80,2,11,0,1,11,1,2,0,₹7K–₹12K,10+ years,36–45
36,Yes,Travel_Rarely,1420,Research & Development,21,2,Medical,1,1451,2,Male,45,3,3,Manager,2,Divorced,7165,3881,2,Y,Yes,11,4,1,80,0,9,3,3,0,0,0,0,₹7K–₹12K,<2 years,36–45
39,Yes,Non-Travel,107,Research & Development,27,3,Life Sciences,1,1452,3,Female,57,1,4,Research Scientist,2,Married,11101,8359,2,Y,Yes,23,3,4,80,2,12,0,1,6,2,2,0,₹7K–₹12K,6–10 years,36–45
19,Yes,Travel_Frequently,932,Sales,7,4,Marketing,1,1453,2,Male,59,3,3,Manager,1,Married,6657,5456,3,Y,Yes,13,3,3,80,1,5,3,2,3,1,0,1,₹4K–₹7K,2–3 years,18–25
50,Yes,Travel_Frequently,458,Human Resources,3,3,Medical,1,1454,3,Male,94,3,5,Human Resources,1,Single,12217,26852,2,Y,Yes,15,3,2,80,3,15,0,4,11,7,2,5,₹12K+,10+ years,46–60
33,No,Travel_Rarely,323,Research & Development,9,5,Technical Degree,1,1455,1,Male,94,3,4,Healthcare Representative,3,Married,9698,11355,4,Y,No,19,3,1,80,1,9,4,2,8,0,5,0,₹7K–₹12K,6–10 years,26–35
27,Yes,Travel_Rarely,397,Research & Development,10,4,Medical,1,1456,1,Female,55,4,2,Laboratory Technician,2,Married,5193,12066,5,Y,No,24,3,2,80,0,4,6,4,2,1,0,1,₹4K–₹7K,2–3 years,26–35
41,No,Travel_Rarely,436,Research & Development,8,5,Marketing,1,1457,4,Male,65,1,3,Manufacturing Director,3,Married,9372,12849,0,Y,No,19,3,3,80,0,13,2,3,8,8,5,8,₹7K–₹12K,6–10 years,36–45
47,No,Travel_Rarely,984,Research & Development,12,4,Medical,1,1458,2,Male,94,2,3,Manufacturing Director,2,Married,8270,26124,1,Y,No,19,4,2,80,1,16,4,2,11,1,5,1,₹7K–₹12K,10+ years,46–60
43,No,Travel_Frequently,590,Research & Development,17,5,Marketing,1,1459,2,Female,84,4,2,Research Scientist,4,Single,6977,8823,4,Y,No,24,3,4,80,3,9,5,4,0,0,0,0,₹4K–₹7K,<2 years,36–45
48,No,Travel_Rarely,599,Research & Development,13,5,Technical Degree,1,1460,2,Male,98,3,5,Laboratory Technician,3,Married,13460,24653,2,Y,Yes,24,3,1,80,1,20,0,1,10,7,1,6,₹12K+,6–10 years,46–60
42,Yes,Travel_Frequently,1455,Research & Development,3,4,Life Sciences,1,1461,3,Female,68,4,3,Research Director,3,Single,7225,9898,2,Y,No,24,3,2,80,1,11,6,2,11,2,1,2,₹7K–₹12K,10+ years,36–45
35,No,Travel_Frequently,367,Research & Development,3,1,Life Sciences,1,1462,2,Male,35,4,5,Research Director,1,Married,11896,22850,5,Y,No,16,3,1,80,3,12,3,1,11,6,2,4,₹7K–₹12K,10+ years,26–35
31,No,Travel_Frequently,590,Research & Development,22,3,Life Sciences,1,1463,4,Male,55,1,2,Research Director,4,Single,4550,4546,1,Y,Yes,23,3,3,80,3,7,5,3,7,3,4,3,₹4K–₹7K,6–10 years,26–35
35,No,Travel_Rarely,1298,Research & Development,19,2,Life Sciences,1,1464,2,Female,72,2,4,Healthcare Representative,4,Single,9135,8940,4,Y,No,17,3,1,80,3,11,4,2,3,0,1,0,₹7K–₹12K,2–3 years,26–35
39,No,Travel_Rarely,504,Human Resources,8,3,Life Sciences,1,1465,4,Female,62,1,1,Human Resources,4,Married,2872,17892,2,Y,No,21,3,3,80,0,6,5,1,5,2,1,1,<₹4K,4–5 years,36–45
35,Yes,Travel_Rarely,1311,Research & Development,16,1,Life Sciences,1,1466,3,Male,68,2,4,Manager,2,Married,9938,14920,2,Y,Yes,15,3,2,80,0,8,1,4,5,3,0,0,₹7K–₹12K,4–5 years,26–35
42,No,Travel_Rarely,1396,Sales,6,5,Marketing,1,1467,2,Female,47,1,3,Sales Representative,3,Divorced,9585,9092,1,Y,No,16,3,4,80,3,13,5,2,13,7,6,5,₹7K–₹12K,10+ years,36–45
35,No,Travel_Rarely,463,Research & Development,19,1,Marketing,1,1468,1,Male,68,1,2,Healthcare Representative,3,Divorced,4811,8026,4,Y,No,13,3,4,80,2,13,5,3,7,2,7,2,₹4K–₹7K,6–10 years,26–35
47,No,Travel_Rarely,808,Research & Development,16,5,Medical,1,1469,1,Male,78,2,4,Research Director,4,Married,10482,20161,3,Y,No,19,3,2,80,2,22,3,4,20,10,6,7,₹7K–₹12K,10+ years,46–60
43,No,Non-Travel,310,Sales,15,4,Life Sciences,1,1470,2,Male,50,1,2,Sales Representative,3,Single,8509,14685,5,Y,Yes,15,4,2,80,2,15,5,1,6,6,2,6,₹7K–₹12K,6–10 years,36–45
